"id_peserta","usia","jenis_kelamin","segmen","provinsi","faskes_tingkat","penyakit_kronis","rawat_inap","hari_rawat_inap","jumlah_kunjungan","jumlah_klaim","biaya_klaim","exposure_bulan","tanggal_masuk","tanggal_keluar"
"P00001",32,"P","PBI","Jawa Timur","Puskesmas",1,0,0,2,0,0,12,"2025-03-13 00:00:00","2025-03-13 00:00:00"
"P00002",8,"P","PPU","Jawa Tengah","Klinik",0,0,0,1,0,0,12,"2025-09-29 00:00:00","2025-09-29 00:00:00"
"P00003",15,"P","PPU","DKI Jakarta","RS Tipe C",0,0,0,3,2,919000,12,"2025-08-04 00:00:00","2025-08-04 00:00:00"
"P00004",58,"P","PPU","Jawa Timur","RS Tipe B",1,0,0,4,2,121000,12,"2025-08-13 00:00:00","2025-08-13 00:00:00"
"P00005",37,"L","PPU","DKI Jakarta","RS Tipe B",0,0,0,4,4,2060000,12,"2025-12-29 00:00:00","2025-12-29 00:00:00"
"P00006",58,"P","PPU","Jawa Tengah","Puskesmas",1,0,0,2,1,34000,12,"2025-10-26 00:00:00","2025-10-26 00:00:00"
"P00007",38,"P","PBI","Jawa Barat","Klinik",0,0,0,1,0,0,12,"2025-04-07 00:00:00","2025-04-07 00:00:00"
"P00008",42,"P","PPU","Banten","Klinik",1,0,0,0,0,0,12,"2025-04-11 00:00:00","2025-04-11 00:00:00"
"P00009",61,"P","PPU","Jawa Timur","RS Tipe C",0,0,0,0,0,0,12,"2025-01-17 00:00:00","2025-01-17 00:00:00"
"P00010",49,"L","BP","Jawa Barat","Puskesmas",0,0,0,0,0,0,12,"2025-11-11 00:00:00","2025-11-11 00:00:00"
"P00011",51,"L","PPU","DKI Jakarta","Puskesmas",0,0,0,0,0,0,12,"2025-08-24 00:00:00","2025-08-24 00:00:00"
"P00012",74,"P","PPU","Jawa Timur","Klinik",0,0,0,3,3,1178000,12,"2025-04-25 00:00:00","2025-04-25 00:00:00"
"P00013",46,"L","PPU","Jawa Barat","RS Tipe C",1,0,0,0,0,0,9,"2025-09-29 00:00:00","2025-09-29 00:00:00"
"P00014",30,"P","PPU","Banten","Puskesmas",1,0,0,2,2,656000,12,"2025-10-11 00:00:00","2025-10-11 00:00:00"
"P00015",58,"P","PBI","Sumatera Utara","Klinik",0,0,0,2,1,328000,6,"2025-05-19 00:00:00","2025-05-19 00:00:00"
"P00016",40,"P","PBI","Jawa Barat","Puskesmas",0,0,0,0,0,0,12,"2025-01-07 00:00:00","2025-01-07 00:00:00"
"P00017",54,"L","PBI","Jawa Barat","Puskesmas",0,0,0,0,0,0,12,"2025-10-09 00:00:00","2025-10-09 00:00:00"
"P00018",29,"P","PBI","Jawa Tengah","Klinik",0,0,0,0,0,0,12,"2025-10-23 00:00:00","2025-10-23 00:00:00"
"P00019",49,"L","PPU","Jawa Tengah","Puskesmas",0,0,0,1,0,0,9,"2025-10-30 00:00:00","2025-10-30 00:00:00"
"P00020",87,"L","BP","DKI Jakarta","Puskesmas",1,0,0,0,0,0,12,"2025-05-20 00:00:00","2025-05-20 00:00:00"
"P00022",36,"L","PBI","DKI Jakarta","RS Tipe C",0,0,0,1,0,0,6,"2025-01-31 00:00:00","2025-01-31 00:00:00"
"P00024",22,"L","BP","Jawa Tengah","RS Tipe C",0,0,0,0,0,0,12,"2025-11-17 00:00:00","2025-11-17 00:00:00"
"P00025",27,"L","PBPU","Jawa Barat","RS Tipe C",0,0,0,0,0,0,12,"2025-05-17 00:00:00","2025-05-17 00:00:00"
"P00026",29,"L","BP","DKI Jakarta","Klinik",0,0,0,2,0,0,12,"2025-06-03 00:00:00","2025-06-03 00:00:00"
"P00027",53,"P","PBI","Banten","RS Tipe C",0,0,0,1,0,0,12,"2025-08-02 00:00:00","2025-08-02 00:00:00"
"P00028",35,"L","PBPU","Sumatera Utara","RS Tipe B",0,0,0,0,0,0,9,"2025-10-13 00:00:00","2025-10-13 00:00:00"
"P00029",27,"P","PBI","Jawa Timur","RS Tipe C",0,0,0,4,3,1267000,12,"2025-07-13 00:00:00","2025-07-13 00:00:00"
"P00031",45,"L","PBI","Sumatera Utara","RS Tipe B",0,0,0,1,0,0,12,"2025-11-24 00:00:00","2025-11-24 00:00:00"
"P00032",63,"P","PPU","Jawa Tengah","Puskesmas",0,1,4,4,4,11539000,12,"2025-02-13 00:00:00","2025-02-17 00:00:00"
"P00033",46,"L","PBI","Jawa Barat","RS Tipe B",0,0,0,1,0,0,12,"2025-01-06 00:00:00","2025-01-06 00:00:00"
"P00035",69,"P","PPU","Jawa Barat","RS Tipe B",0,0,0,6,4,177000,9,"2025-12-07 00:00:00","2025-12-07 00:00:00"
"P00036",23,"L","PBPU","Jawa Timur","Klinik",0,0,0,1,0,0,12,"2025-01-25 00:00:00","2025-01-25 00:00:00"
"P00037",24,"P","PPU","Jawa Tengah","Klinik",0,0,0,0,0,0,12,"2025-05-09 00:00:00","2025-05-09 00:00:00"
"P00038",62,"L","PBPU","Jawa Barat","RS Tipe B",1,0,0,4,1,890000,12,"2025-04-06 00:00:00","2025-04-06 00:00:00"
"P00039",41,"L","PBPU","DKI Jakarta","RS Tipe B",0,0,0,1,0,0,12,"2025-12-19 00:00:00","2025-12-19 00:00:00"
"P00040",57,"P","PBPU","Jawa Barat","RS Tipe C",0,0,0,0,0,0,12,"2025-04-05 00:00:00","2025-04-05 00:00:00"
"P00041",66,"P","BP","Banten","RS Tipe C",0,0,0,1,0,0,9,"2025-07-10 00:00:00","2025-07-10 00:00:00"
"P00042",54,"L","PBPU","DKI Jakarta","Puskesmas",0,0,0,1,0,0,12,"2025-11-25 00:00:00","2025-11-25 00:00:00"
"P00043",22,"P","PBI","DKI Jakarta","RS Tipe C",0,0,0,2,1,45000,12,"2025-05-11 00:00:00","2025-05-11 00:00:00"
"P00044",54,"L","PPU","DKI Jakarta","Puskesmas",1,0,0,6,3,1269000,12,"2025-07-21 00:00:00","2025-07-21 00:00:00"
"P00045",36,"L","PBI","DKI Jakarta","Puskesmas",0,0,0,4,3,200000,12,"2025-08-26 00:00:00","2025-08-26 00:00:00"
"P00046",58,"P","PBI","Jawa Barat","Puskesmas",0,0,0,2,0,0,12,"2025-06-18 00:00:00","2025-06-18 00:00:00"
"P00047",57,"P","PBI","DKI Jakarta","RS Tipe B",0,0,0,1,0,0,12,"2025-12-30 00:00:00","2025-12-30 00:00:00"
"P00048",47,"P","PBI","Jawa Tengah","Puskesmas",0,0,0,0,0,0,12,"2025-04-16 00:00:00","2025-04-16 00:00:00"
"P00049",50,"L","PPU","Jawa Timur","RS Tipe C",0,1,3,2,0,0,12,"2025-07-11 00:00:00","2025-07-14 00:00:00"
"P00050",20,"P","PPU","DKI Jakarta","RS Tipe C",0,0,0,3,0,0,12,"2025-06-19 00:00:00","2025-06-19 00:00:00"
"P00052",6,"P","PBI","DKI Jakarta","RS Tipe B",0,0,0,1,0,0,12,"2025-03-11 00:00:00","2025-03-11 00:00:00"
"P00054",45,"L","PPU","Jawa Timur","Puskesmas",0,0,0,1,1,269000,12,"2025-06-02 00:00:00","2025-06-02 00:00:00"
"P00055",62,"P","PPU","Jawa Barat","Puskesmas",1,0,0,4,4,1765000,12,"2025-11-27 00:00:00","2025-11-27 00:00:00"
"P00056",87,"P","PBPU","Jawa Timur","RS Tipe C",1,0,0,2,0,0,12,"2025-09-09 00:00:00","2025-09-09 00:00:00"
"P00057",42,"P","PBPU","Sumatera Utara","RS Tipe C",0,0,0,1,0,0,12,"2025-10-21 00:00:00","2025-10-21 00:00:00"
"P00058",46,"P","PBI","Banten","Puskesmas",0,0,0,1,0,0,12,"2025-07-02 00:00:00","2025-07-02 00:00:00"
"P00059",25,"L","PPU","Jawa Barat","RS Tipe C",0,1,6,1,0,0,12,"2025-12-16 00:00:00","2025-12-22 00:00:00"
"P00060",50,"L","PPU","Jawa Barat","Klinik",1,0,0,8,6,992000,12,"2025-03-19 00:00:00","2025-03-19 00:00:00"
"P00061",57,"L","PBI","DKI Jakarta","RS Tipe C",0,0,0,1,0,0,12,"2025-09-14 00:00:00","2025-09-14 00:00:00"
"P00062",43,"L","PBI","DKI Jakarta","Klinik",0,0,0,1,0,0,12,"2025-10-14 00:00:00","2025-10-14 00:00:00"
"P00065",53,"L","PPU","Jawa Tengah","RS Tipe A",0,0,0,1,0,0,12,"2025-02-26 00:00:00","2025-02-26 00:00:00"
"P00066",19,"L","PPU","DKI Jakarta","Klinik",0,0,0,1,0,0,12,"2025-11-17 00:00:00","2025-11-17 00:00:00"
"P00067",41,"L","PBI","DKI Jakarta","RS Tipe B",0,1,5,1,0,0,6,"2025-10-27 00:00:00","2025-11-01 00:00:00"
"P00068",33,"L","PPU","Sumatera Utara","RS Tipe C",0,0,0,0,0,0,12,"2025-12-15 00:00:00","2025-12-15 00:00:00"
"P00069",59,"L","PPU","Banten","RS Tipe B",0,0,0,3,2,794000,6,"2025-02-15 00:00:00","2025-02-15 00:00:00"
"P00070",61,"L","PPU","Jawa Tengah","RS Tipe C",1,0,0,0,0,0,9,"2025-10-18 00:00:00","2025-10-18 00:00:00"
"P00071",33,"P","PBI","Jawa Barat","RS Tipe A",0,0,0,2,1,918000,9,"2025-01-14 00:00:00","2025-01-14 00:00:00"
"P00072",46,"L","PPU","Banten","RS Tipe A",0,0,0,1,0,0,9,"2025-05-17 00:00:00","2025-05-17 00:00:00"
"P00074",65,"P","PPU","Jawa Tengah","Puskesmas",0,0,0,0,0,0,12,"2025-05-27 00:00:00","2025-05-27 00:00:00"
"P00076",60,"L","PPU","Jawa Tengah","RS Tipe A",0,0,0,0,0,0,12,"2025-09-12 00:00:00","2025-09-12 00:00:00"
"P00077",62,"L","BP","Jawa Barat","Klinik",0,0,0,5,4,583000,12,"2025-03-17 00:00:00","2025-03-17 00:00:00"
"P00078",60,"P","PBI","Banten","Puskesmas",0,0,0,0,0,0,12,"2025-05-16 00:00:00","2025-05-16 00:00:00"
"P00079",49,"L","PBPU","DKI Jakarta","Puskesmas",0,0,0,3,3,1990000,12,"2025-03-29 00:00:00","2025-03-29 00:00:00"
"P00080",60,"P","PBPU","DKI Jakarta","RS Tipe B",0,0,0,0,0,0,12,"2025-07-18 00:00:00","2025-07-18 00:00:00"
"P00081",56,"L","PBI","Jawa Timur","RS Tipe C",1,0,0,5,5,984000,12,"2025-11-06 00:00:00","2025-11-06 00:00:00"
"P00082",42,"P","PBPU","Jawa Tengah","RS Tipe B",0,0,0,2,0,0,12,"2025-11-18 00:00:00","2025-11-18 00:00:00"
"P00083",60,"L","BP","Jawa Tengah","RS Tipe C",0,0,0,0,0,0,6,"2025-06-04 00:00:00","2025-06-04 00:00:00"
"P00084",62,"L","PPU","DKI Jakarta","RS Tipe C",1,0,0,3,2,2143000,9,"2025-03-09 00:00:00","2025-03-09 00:00:00"
"P00085",21,"P","PBI","Banten","Puskesmas",0,0,0,2,0,0,12,"2025-09-17 00:00:00","2025-09-17 00:00:00"
"P00086",50,"L","PBPU","DKI Jakarta","Klinik",0,0,0,1,0,0,6,"2025-09-11 00:00:00","2025-09-11 00:00:00"
"P00087",25,"P","PPU","Banten","Puskesmas",0,0,0,1,1,973000,12,"2025-08-26 00:00:00","2025-08-26 00:00:00"
"P00088",27,"L","PBPU","DKI Jakarta","RS Tipe C",0,1,2,2,2,1045000,12,"2025-12-30 00:00:00","2026-01-01 00:00:00"
"P00089",29,"P","BP","Jawa Timur","Klinik",0,0,0,2,2,318000,12,"2025-11-28 00:00:00","2025-11-28 00:00:00"
"P00090",57,"L","PBI","DKI Jakarta","RS Tipe A",0,0,0,1,0,0,12,"2025-02-14 00:00:00","2025-02-14 00:00:00"
"P00091",44,"L","PBPU","DKI Jakarta","Puskesmas",0,0,0,2,0,0,12,"2025-12-07 00:00:00","2025-12-07 00:00:00"
"P00092",26,"P","PPU","Jawa Tengah","Klinik",0,0,0,0,0,0,9,"2025-12-10 00:00:00","2025-12-10 00:00:00"
"P00093",60,"L","PPU","Jawa Tengah","RS Tipe C",0,0,0,2,2,813000,12,"2025-07-29 00:00:00","2025-07-29 00:00:00"
"P00094",45,"P","PBI","DKI Jakarta","RS Tipe C",1,0,0,7,6,2797000,12,"2025-06-29 00:00:00","2025-06-29 00:00:00"
"P00095",33,"P","PPU","DKI Jakarta","Puskesmas",0,1,3,1,0,0,12,"2025-03-05 00:00:00","2025-03-08 00:00:00"
"P00096",28,"L","PBPU","DKI Jakarta","Puskesmas",0,0,0,0,0,0,12,"2025-11-01 00:00:00","2025-11-01 00:00:00"
"P00097",46,"P","PPU","DKI Jakarta","RS Tipe B",0,0,0,1,0,0,12,"2025-03-20 00:00:00","2025-03-20 00:00:00"
"P00098",29,"L","PPU","Banten","Puskesmas",0,0,0,5,4,63000,6,"2025-08-29 00:00:00","2025-08-29 00:00:00"
"P00099",45,"L","PPU","Jawa Timur","Puskesmas",0,0,0,0,0,0,9,"2025-10-06 00:00:00","2025-10-06 00:00:00"
"P00100",53,"P","PBPU","Jawa Timur","RS Tipe B",0,0,0,0,0,0,12,"2025-11-06 00:00:00","2025-11-06 00:00:00"
"P00102",8,"P","PBI","Sumatera Utara","RS Tipe A",1,0,0,1,0,0,12,"2025-01-25 00:00:00","2025-01-25 00:00:00"
"P00103",39,"P","PBI","DKI Jakarta","RS Tipe C",1,0,0,1,0,0,12,"2025-12-07 00:00:00","2025-12-07 00:00:00"
"P00104",35,"P","PBPU","Sumatera Utara","Puskesmas",0,0,0,1,0,0,12,"2025-12-02 00:00:00","2025-12-02 00:00:00"
"P00105",14,"P","PPU","Jawa Barat","RS Tipe C",0,0,0,5,5,1053000,9,"2025-08-13 00:00:00","2025-08-13 00:00:00"
"P00106",33,"P","PPU","Jawa Timur","RS Tipe C",0,0,0,3,2,316000,12,"2025-09-03 00:00:00","2025-09-03 00:00:00"
"P00107",56,"L","PPU","Jawa Timur","RS Tipe C",0,0,0,0,0,0,12,"2025-05-15 00:00:00","2025-05-15 00:00:00"
"P00109",66,"P","PBI","Jawa Barat","RS Tipe C",0,0,0,3,0,0,12,"2025-03-10 00:00:00","2025-03-10 00:00:00"
"P00110",44,"L","PPU","DKI Jakarta","Klinik",0,0,0,3,2,697000,9,"2025-01-29 00:00:00","2025-01-29 00:00:00"
"P00111",33,"P","PBI","Jawa Barat","RS Tipe A",0,0,0,1,0,0,12,"2025-12-13 00:00:00","2025-12-13 00:00:00"
"P00112",1,"L","PPU","Banten","Klinik",0,1,3,2,0,0,12,"2025-02-04 00:00:00","2025-02-07 00:00:00"
"P00114",29,"L","PPU","DKI Jakarta","RS Tipe C",0,0,0,1,0,0,12,"2025-03-31 00:00:00","2025-03-31 00:00:00"
"P00115",73,"P","PBI","Banten","Klinik",1,0,0,1,0,0,12,"2025-06-17 00:00:00","2025-06-17 00:00:00"
"P00116",20,"P","PPU","Sumatera Utara","RS Tipe A",0,0,0,0,0,0,12,"2025-12-10 00:00:00","2025-12-10 00:00:00"
"P00117",29,"L","PPU","Jawa Tengah","Klinik",0,0,0,1,0,0,12,"2025-06-23 00:00:00","2025-06-23 00:00:00"
"P00119",65,"P","PBI","Jawa Timur","RS Tipe B",0,0,0,0,0,0,12,"2025-03-19 00:00:00","2025-03-19 00:00:00"
"P00120",53,"P","PBPU","Jawa Barat","RS Tipe C",0,0,0,0,0,0,12,"2025-02-07 00:00:00","2025-02-07 00:00:00"
"P00121",2,"L","PBI","Jawa Tengah","Klinik",0,0,0,3,2,1141000,12,"2025-11-13 00:00:00","2025-11-13 00:00:00"
"P00124",53,"L","PBI","DKI Jakarta","RS Tipe C",0,0,0,3,3,623000,12,"2025-02-25 00:00:00","2025-02-25 00:00:00"
"P00125",58,"L","PPU","Jawa Tengah","Puskesmas",1,0,0,1,0,0,12,"2025-07-13 00:00:00","2025-07-13 00:00:00"
"P00127",44,"P","PBI","DKI Jakarta","RS Tipe C",0,0,0,0,0,0,9,"2025-06-11 00:00:00","2025-06-11 00:00:00"
"P00128",31,"L","PBI","DKI Jakarta","Puskesmas",0,0,0,0,0,0,12,"2025-11-30 00:00:00","2025-11-30 00:00:00"
"P00130",52,"P","PBPU","Jawa Tengah","Puskesmas",0,0,0,1,0,0,6,"2025-09-29 00:00:00","2025-09-29 00:00:00"
"P00131",39,"P","PPU","Jawa Barat","RS Tipe B",0,0,0,2,0,0,12,"2025-05-05 00:00:00","2025-05-05 00:00:00"
"P00132",33,"P","PBI","Jawa Barat","Klinik",0,0,0,0,0,0,12,"2025-06-26 00:00:00","2025-06-26 00:00:00"
"P00133",37,"L","PBPU","Jawa Tengah","Puskesmas",0,0,0,3,3,504000,6,"2025-12-02 00:00:00","2025-12-02 00:00:00"
"P00134",12,"L","PBI","Jawa Barat","RS Tipe C",0,0,0,3,2,766000,12,"2025-05-15 00:00:00","2025-05-15 00:00:00"
"P00135",60,"P","PPU","Banten","RS Tipe C",0,0,0,1,0,0,12,"2025-12-15 00:00:00","2025-12-15 00:00:00"
"P00136",47,"P","PPU","Jawa Timur","Puskesmas",0,0,0,1,0,0,12,"2025-06-23 00:00:00","2025-06-23 00:00:00"
"P00137",48,"P","PBI","Banten","RS Tipe A",0,0,0,1,1,403000,12,"2025-05-13 00:00:00","2025-05-13 00:00:00"
"P00138",46,"L","PBI","DKI Jakarta","Puskesmas",0,0,0,1,0,0,6,"2025-08-02 00:00:00","2025-08-02 00:00:00"
"P00139",40,"P","PBPU","Jawa Tengah","RS Tipe C",0,0,0,2,2,375000,12,"2025-08-15 00:00:00","2025-08-15 00:00:00"
"P00141",28,"L","PPU","Jawa Barat","RS Tipe B",1,0,0,1,0,0,12,"2025-08-23 00:00:00","2025-08-23 00:00:00"
"P00142",54,"L","BP","Jawa Timur","Klinik",0,0,0,2,0,0,6,"2025-12-09 00:00:00","2025-12-09 00:00:00"
"P00143",32,"L","PBPU","DKI Jakarta","RS Tipe C",0,0,0,2,0,0,6,"2025-04-21 00:00:00","2025-04-21 00:00:00"
"P00144",68,"L","PBPU","Jawa Barat","Puskesmas",1,0,0,1,0,0,9,"2025-03-05 00:00:00","2025-03-05 00:00:00"
"P00145",59,"P","BP","Jawa Timur","Klinik",0,0,0,0,0,0,9,"2025-12-27 00:00:00","2025-12-27 00:00:00"
"P00146",37,"L","PBI","Jawa Barat","Puskesmas",0,0,0,2,2,1937000,12,"2025-10-29 00:00:00","2025-10-29 00:00:00"
"P00147",33,"L","PBI","DKI Jakarta","Klinik",1,0,0,3,0,0,12,"2025-07-25 00:00:00","2025-07-25 00:00:00"
"P00148",57,"P","PBPU","Banten","RS Tipe C",0,1,5,0,0,0,9,"2025-06-06 00:00:00","2025-06-11 00:00:00"
"P00149",90,"P","PBPU","DKI Jakarta","RS Tipe A",0,0,0,5,5,4036000,12,"2025-08-08 00:00:00","2025-08-08 00:00:00"
"P00150",49,"P","PBPU","Sumatera Utara","RS Tipe B",0,0,0,3,1,577000,9,"2025-07-05 00:00:00","2025-07-05 00:00:00"
"P00151",46,"P","PPU","DKI Jakarta","Puskesmas",0,0,0,2,2,628000,12,"2025-05-09 00:00:00","2025-05-09 00:00:00"
"P00152",53,"P","PBI","Sumatera Utara","Klinik",1,0,0,6,5,1561000,12,"2025-11-20 00:00:00","2025-11-20 00:00:00"
"P00154",56,"L","PBPU","Jawa Timur","Klinik",0,0,0,2,0,0,12,"2025-10-20 00:00:00","2025-10-20 00:00:00"
"P00156",37,"P","PBI","Banten","RS Tipe B",0,0,0,1,0,0,12,"2025-05-11 00:00:00","2025-05-11 00:00:00"
"P00157",32,"L","PBI","DKI Jakarta","RS Tipe C",1,0,0,0,0,0,12,"2025-02-06 00:00:00","2025-02-06 00:00:00"
"P00159",41,"L","PBI","DKI Jakarta","Puskesmas",0,0,0,2,0,0,12,"2025-09-06 00:00:00","2025-09-06 00:00:00"
"P00160",40,"L","PBI","DKI Jakarta","RS Tipe C",0,0,0,0,0,0,12,"2025-10-22 00:00:00","2025-10-22 00:00:00"
"P00161",31,"L","PBI","Jawa Timur","Puskesmas",0,0,0,1,0,0,12,"2025-02-03 00:00:00","2025-02-03 00:00:00"
"P00162",74,"L","PPU","DKI Jakarta","Klinik",0,0,0,2,0,0,12,"2025-07-15 00:00:00","2025-07-15 00:00:00"
"P00163",43,"P","PBI","DKI Jakarta","Klinik",0,0,0,1,1,360000,12,"2025-12-18 00:00:00","2025-12-18 00:00:00"
"P00164",40,"P","PBI","Jawa Barat","RS Tipe C",0,0,0,2,2,1504000,12,"2025-06-03 00:00:00","2025-06-03 00:00:00"
"P00165",90,"L","PPU","Jawa Barat","RS Tipe C",0,0,0,1,0,0,12,"2025-09-07 00:00:00","2025-09-07 00:00:00"
"P00166",50,"P","PBI","Jawa Barat","Puskesmas",0,0,0,3,2,1178000,12,"2025-11-04 00:00:00","2025-11-04 00:00:00"
"P00167",56,"P","PBPU","DKI Jakarta","RS Tipe A",0,0,0,1,0,0,12,"2025-09-18 00:00:00","2025-09-18 00:00:00"
"P00168",52,"L","BP","Jawa Barat","RS Tipe B",1,0,0,0,0,0,9,"2025-12-03 00:00:00","2025-12-03 00:00:00"
"P00169",19,"P","PPU","DKI Jakarta","RS Tipe A",0,0,0,2,0,0,12,"2025-10-16 00:00:00","2025-10-16 00:00:00"
"P00170",44,"P","PPU","DKI Jakarta","RS Tipe C",1,0,0,5,5,771000,12,"2025-03-18 00:00:00","2025-03-18 00:00:00"
"P00171",46,"L","PBPU","DKI Jakarta","RS Tipe A",0,0,0,2,0,0,12,"2025-07-18 00:00:00","2025-07-18 00:00:00"
"P00172",14,"L","PPU","Jawa Timur","Klinik",0,0,0,1,0,0,12,"2025-10-15 00:00:00","2025-10-15 00:00:00"
"P00174",38,"L","PBI","DKI Jakarta","RS Tipe B",0,0,0,2,0,0,12,"2025-08-08 00:00:00","2025-08-08 00:00:00"
"P00175",25,"L","PPU","DKI Jakarta","Klinik",0,0,0,3,0,0,12,"2025-07-06 00:00:00","2025-07-06 00:00:00"
"P00176",37,"P","PPU","DKI Jakarta","Klinik",0,0,0,1,0,0,12,"2025-02-12 00:00:00","2025-02-12 00:00:00"
"P00178",57,"P","PPU","Jawa Timur","RS Tipe B",0,0,0,3,2,1262000,12,"2025-11-19 00:00:00","2025-11-19 00:00:00"
"P00179",49,"L","PPU","Jawa Tengah","RS Tipe B",0,0,0,2,0,0,12,"2025-09-26 00:00:00","2025-09-26 00:00:00"
"P00180",29,"L","PBPU","DKI Jakarta","RS Tipe C",0,0,0,0,0,0,12,"2025-02-15 00:00:00","2025-02-15 00:00:00"
"P00181",11,"P","BP","Jawa Barat","RS Tipe C",0,0,0,2,0,0,12,"2025-06-05 00:00:00","2025-06-05 00:00:00"
"P00182",2,"P","PPU","Jawa Tengah","Klinik",0,0,0,2,0,0,12,"2025-08-12 00:00:00","2025-08-12 00:00:00"
"P00183",50,"L","PPU","Jawa Barat","Puskesmas",0,0,0,1,0,0,12,"2025-11-20 00:00:00","2025-11-20 00:00:00"
"P00184",27,"P","PBI","Jawa Timur","RS Tipe B",0,0,0,2,0,0,6,"2025-06-26 00:00:00","2025-06-26 00:00:00"
"P00185",21,"P","PPU","DKI Jakarta","Puskesmas",0,0,0,3,3,1228000,12,"2025-07-15 00:00:00","2025-07-15 00:00:00"
"P00187",18,"L","PPU","DKI Jakarta","RS Tipe C",0,0,0,1,0,0,12,"2025-11-06 00:00:00","2025-11-06 00:00:00"
"P00188",49,"L","PPU","Jawa Barat","RS Tipe B",0,0,0,2,0,0,12,"2025-12-07 00:00:00","2025-12-07 00:00:00"
"P00189",35,"P","PPU","Jawa Barat","Puskesmas",0,0,0,1,0,0,12,"2025-04-05 00:00:00","2025-04-05 00:00:00"
"P00190",25,"P","PBPU","Jawa Barat","RS Tipe C",0,0,0,2,2,92000,12,"2025-02-13 00:00:00","2025-02-13 00:00:00"
"P00192",57,"L","PBPU","Jawa Barat","RS Tipe C",0,0,0,3,3,659000,6,"2025-09-15 00:00:00","2025-09-15 00:00:00"
"P00193",59,"L","PPU","DKI Jakarta","RS Tipe A",0,0,0,0,0,0,12,"2025-06-05 00:00:00","2025-06-05 00:00:00"
"P00195",38,"L","PPU","Jawa Timur","Puskesmas",0,0,0,2,1,91000,9,"2025-03-03 00:00:00","2025-03-03 00:00:00"
"P00196",60,"P","PPU","Sumatera Utara","RS Tipe B",0,0,0,2,2,857000,12,"2025-07-29 00:00:00","2025-07-29 00:00:00"
"P00197",50,"P","PBI","Sumatera Utara","RS Tipe C",0,0,0,1,0,0,12,"2025-08-17 00:00:00","2025-08-17 00:00:00"
"P00198",17,"L","PPU","Banten","Klinik",1,0,0,2,2,301000,9,"2025-12-23 00:00:00","2025-12-23 00:00:00"
"P00199",65,"P","PBPU","Jawa Tengah","Klinik",0,0,0,2,1,612000,12,"2025-07-04 00:00:00","2025-07-04 00:00:00"
"P00200",68,"P","BP","Jawa Tengah","RS Tipe A",0,0,0,4,3,606000,6,"2025-01-02 00:00:00","2025-01-02 00:00:00"
"P00203",47,"L","PPU","Banten","Puskesmas",0,0,0,4,3,432000,12,"2025-08-05 00:00:00","2025-08-05 00:00:00"
"P00204",60,"L","PBPU","Jawa Tengah","Puskesmas",0,0,0,0,0,0,12,"2025-05-10 00:00:00","2025-05-10 00:00:00"
"P00205",37,"P","PBPU","Jawa Barat","Puskesmas",0,0,0,0,0,0,12,"2025-07-29 00:00:00","2025-07-29 00:00:00"
"P00206",44,"P","PPU","Jawa Tengah","RS Tipe C",0,0,0,4,4,719000,12,"2025-06-14 00:00:00","2025-06-14 00:00:00"
"P00208",53,"L","PBI","Jawa Barat","Puskesmas",0,0,0,4,3,591000,12,"2025-07-19 00:00:00","2025-07-19 00:00:00"
"P00209",25,"L","PPU","DKI Jakarta","RS Tipe B",0,0,0,2,0,0,9,"2025-08-29 00:00:00","2025-08-29 00:00:00"
"P00210",33,"L","PPU","Jawa Barat","RS Tipe C",0,0,0,0,0,0,12,"2025-10-15 00:00:00","2025-10-15 00:00:00"
"P00211",44,"P","BP","Jawa Barat","Klinik",1,0,0,1,0,0,12,"2025-12-01 00:00:00","2025-12-01 00:00:00"
"P00212",46,"L","PPU","Jawa Barat","Klinik",0,1,7,1,0,0,12,"2025-07-17 00:00:00","2025-07-24 00:00:00"
"P00213",59,"P","PPU","Jawa Tengah","RS Tipe B",0,0,0,3,2,481000,12,"2025-11-27 00:00:00","2025-11-27 00:00:00"
"P00214",20,"P","PPU","Jawa Barat","Klinik",0,0,0,0,0,0,12,"2025-10-29 00:00:00","2025-10-29 00:00:00"
"P00215",39,"L","PBI","Jawa Tengah","RS Tipe B",0,0,0,0,0,0,12,"2025-12-05 00:00:00","2025-12-05 00:00:00"
"P00216",67,"P","PBI","Jawa Tengah","Klinik",0,0,0,1,0,0,12,"2025-11-13 00:00:00","2025-11-13 00:00:00"
"P00218",50,"L","PPU","DKI Jakarta","RS Tipe C",0,0,0,1,0,0,12,"2025-05-19 00:00:00","2025-05-19 00:00:00"
"P00220",46,"P","PBPU","Sumatera Utara","Klinik",0,0,0,2,0,0,6,"2025-05-12 00:00:00","2025-05-12 00:00:00"
"P00221",36,"L","PBPU","Jawa Timur","RS Tipe A",0,0,0,2,0,0,9,"2025-09-28 00:00:00","2025-09-28 00:00:00"
"P00222",47,"P","PBPU","Jawa Barat","Puskesmas",0,0,0,0,0,0,12,"2025-11-24 00:00:00","2025-11-24 00:00:00"
"P00223",37,"L","PPU","Jawa Barat","RS Tipe C",0,0,0,2,1,208000,12,"2025-08-30 00:00:00","2025-08-30 00:00:00"
"P00224",21,"P","PPU","Jawa Tengah","Klinik",0,0,0,3,0,0,6,"2025-06-08 00:00:00","2025-06-08 00:00:00"
"P00225",44,"L","PPU","DKI Jakarta","Puskesmas",0,0,0,3,1,153000,12,"2025-12-13 00:00:00","2025-12-13 00:00:00"
"P00226",61,"L","PBPU","Jawa Timur","Klinik",0,0,0,3,2,458000,12,"2025-06-18 00:00:00","2025-06-18 00:00:00"
"P00227",15,"P","PPU","DKI Jakarta","RS Tipe C",0,0,0,1,0,0,12,"2025-03-08 00:00:00","2025-03-08 00:00:00"
"P00228",42,"L","PBPU","DKI Jakarta","RS Tipe B",0,1,6,1,0,0,12,"2025-06-22 00:00:00","2025-06-28 00:00:00"
"P00229",5,"L","PBPU","DKI Jakarta","RS Tipe B",0,0,0,0,0,0,12,"2025-05-25 00:00:00","2025-05-25 00:00:00"
"P00230",50,"L","PBPU","Banten","RS Tipe C",1,0,0,5,4,1967000,12,"2025-12-07 00:00:00","2025-12-07 00:00:00"
"P00232",41,"P","PPU","DKI Jakarta","RS Tipe B",0,0,0,0,0,0,12,"2025-07-08 00:00:00","2025-07-08 00:00:00"
"P00233",51,"L","PPU","Jawa Barat","Puskesmas",1,0,0,5,5,1243000,12,"2025-08-04 00:00:00","2025-08-04 00:00:00"
"P00235",50,"L","PBPU","DKI Jakarta","RS Tipe B",0,0,0,1,0,0,12,"2025-05-07 00:00:00","2025-05-07 00:00:00"
"P00236",32,"P","PPU","Banten","Puskesmas",0,1,3,2,0,0,12,"2025-12-15 00:00:00","2025-12-18 00:00:00"
"P00237",37,"P","PBI","Jawa Barat","Puskesmas",0,0,0,1,0,0,12,"2025-03-25 00:00:00","2025-03-25 00:00:00"
"P00238",62,"P","PBI","DKI Jakarta","Klinik",0,0,0,0,0,0,12,"2025-06-08 00:00:00","2025-06-08 00:00:00"
"P00239",22,"L","BP","Jawa Barat","RS Tipe C",0,0,0,1,0,0,12,"2025-07-22 00:00:00","2025-07-22 00:00:00"
"P00240",37,"P","PPU","DKI Jakarta","Puskesmas",1,0,0,1,0,0,12,"2025-08-02 00:00:00","2025-08-02 00:00:00"
"P00241",17,"L","BP","Jawa Tengah","Puskesmas",0,0,0,2,0,0,12,"2025-01-18 00:00:00","2025-01-18 00:00:00"
"P00242",57,"P","PPU","Jawa Barat","RS Tipe C",1,0,0,0,0,0,12,"2025-06-04 00:00:00","2025-06-04 00:00:00"
"P00245",24,"L","PBI","DKI Jakarta","RS Tipe B",0,0,0,0,0,0,12,"2025-11-18 00:00:00","2025-11-18 00:00:00"
"P00247",48,"L","PBI","Jawa Barat","Klinik",0,0,0,4,3,2408000,12,"2025-03-23 00:00:00","2025-03-23 00:00:00"
"P00248",37,"L","PPU","Jawa Barat","Puskesmas",0,0,0,1,0,0,12,"2025-03-25 00:00:00","2025-03-25 00:00:00"
"P00249",70,"P","PBPU","DKI Jakarta","Klinik",0,0,0,5,4,3429000,12,"2025-07-17 00:00:00","2025-07-17 00:00:00"
"P00251",72,"L","PPU","Jawa Tengah","RS Tipe A",0,0,0,5,3,2837000,12,"2025-02-27 00:00:00","2025-02-27 00:00:00"
"P00252",38,"L","PBI","Jawa Barat","RS Tipe A",0,0,0,0,0,0,12,"2025-06-16 00:00:00","2025-06-16 00:00:00"
"P00254",57,"P","PPU","Sumatera Utara","RS Tipe C",1,1,4,2,0,0,12,"2025-02-03 00:00:00","2025-02-07 00:00:00"
"P00255",38,"P","PBPU","Jawa Tengah","RS Tipe C",0,0,0,3,3,860000,12,"2025-06-09 00:00:00","2025-06-09 00:00:00"
"P00256",45,"L","PPU","Jawa Barat","Klinik",0,0,0,0,0,0,12,"2025-09-11 00:00:00","2025-09-11 00:00:00"
"P00257",48,"P","PBI","DKI Jakarta","Klinik",1,0,0,2,0,0,12,"2025-09-24 00:00:00","2025-09-24 00:00:00"
"P00260",61,"L","BP","Banten","Puskesmas",0,0,0,4,0,0,12,"2025-03-19 00:00:00","2025-03-19 00:00:00"
"P00261",42,"L","BP","DKI Jakarta","RS Tipe B",0,0,0,1,0,0,12,"2025-03-30 00:00:00","2025-03-30 00:00:00"
"P00262",39,"L","PBI","Banten","Klinik",0,0,0,0,0,0,12,"2025-12-21 00:00:00","2025-12-21 00:00:00"
"P00263",55,"P","PPU","Banten","RS Tipe B",1,1,5,4,0,0,12,"2025-12-06 00:00:00","2025-12-11 00:00:00"
"P00264",20,"P","PPU","Jawa Timur","RS Tipe B",0,0,0,0,0,0,12,"2025-09-22 00:00:00","2025-09-22 00:00:00"
"P00265",69,"L","BP","DKI Jakarta","RS Tipe C",0,0,0,0,0,0,9,"2025-10-01 00:00:00","2025-10-01 00:00:00"
"P00266",29,"P","PPU","Jawa Barat","Klinik",0,0,0,1,0,0,12,"2025-02-18 00:00:00","2025-02-18 00:00:00"
"P00267",45,"P","PPU","Jawa Timur","RS Tipe C",0,0,0,2,0,0,12,"2025-10-04 00:00:00","2025-10-04 00:00:00"
"P00268",59,"L","PPU","Jawa Tengah","Puskesmas",0,0,0,1,1,652000,12,"2025-06-18 00:00:00","2025-06-18 00:00:00"
"P00269",33,"L","PBI","Jawa Barat","RS Tipe C",0,0,0,2,0,0,12,"2025-02-08 00:00:00","2025-02-08 00:00:00"
"P00270",11,"P","PBPU","DKI Jakarta","Klinik",0,0,0,0,0,0,12,"2025-10-29 00:00:00","2025-10-29 00:00:00"
"P00271",46,"L","PPU","Sumatera Utara","Klinik",0,0,0,1,0,0,12,"2025-12-28 00:00:00","2025-12-28 00:00:00"
"P00272",51,"L","PBI","Jawa Barat","RS Tipe B",0,0,0,1,1,141000,12,"2025-06-04 00:00:00","2025-06-04 00:00:00"
"P00273",45,"P","PBPU","Jawa Barat","Klinik",0,0,0,4,3,809000,9,"2025-05-16 00:00:00","2025-05-16 00:00:00"
"P00274",15,"L","PBI","DKI Jakarta","Puskesmas",0,0,0,1,0,0,12,"2025-09-29 00:00:00","2025-09-29 00:00:00"
"P00275",40,"P","PBI","Banten","Puskesmas",0,0,0,6,6,1707000,6,"2025-02-20 00:00:00","2025-02-20 00:00:00"
"P00276",1,"P","BP","Jawa Timur","RS Tipe C",0,0,0,0,0,0,12,"2025-05-22 00:00:00","2025-05-22 00:00:00"
"P00277",29,"L","PPU","DKI Jakarta","RS Tipe C",0,0,0,5,2,1683000,9,"2025-01-16 00:00:00","2025-01-16 00:00:00"
"P00278",40,"P","PPU","Banten","RS Tipe A",0,0,0,0,0,0,6,"2025-08-18 00:00:00","2025-08-18 00:00:00"
"P00280",26,"L","BP","Sumatera Utara","Puskesmas",0,0,0,4,3,350000,9,"2025-09-18 00:00:00","2025-09-18 00:00:00"
"P00281",65,"L","PPU","Jawa Barat","Klinik",0,0,0,2,0,0,6,"2025-03-24 00:00:00","2025-03-24 00:00:00"
"P00283",45,"L","BP","Jawa Tengah","RS Tipe A",1,0,0,4,0,0,12,"2025-03-30 00:00:00","2025-03-30 00:00:00"
"P00284",32,"P","PBPU","Jawa Barat","Klinik",0,0,0,2,0,0,12,"2025-09-13 00:00:00","2025-09-13 00:00:00"
"P00285",43,"P","PPU","Jawa Tengah","Puskesmas",0,0,0,0,0,0,12,"2025-10-08 00:00:00","2025-10-08 00:00:00"
"P00286",28,"L","PPU","Jawa Tengah","RS Tipe C",0,0,0,1,0,0,9,"2025-10-29 00:00:00","2025-10-29 00:00:00"
"P00287",45,"P","PPU","DKI Jakarta","RS Tipe C",0,0,0,0,0,0,12,"2025-03-09 00:00:00","2025-03-09 00:00:00"
"P00288",37,"L","PPU","DKI Jakarta","RS Tipe A",0,0,0,0,0,0,12,"2025-09-25 00:00:00","2025-09-25 00:00:00"
"P00289",62,"P","PBI","Banten","Puskesmas",0,0,0,2,2,685000,12,"2025-11-05 00:00:00","2025-11-05 00:00:00"
"P00290",14,"P","BP","Banten","RS Tipe C",0,0,0,0,0,0,12,"2025-03-10 00:00:00","2025-03-10 00:00:00"
"P00291",27,"P","PPU","Banten","Puskesmas",0,0,0,0,0,0,12,"2025-12-19 00:00:00","2025-12-19 00:00:00"
"P00292",42,"P","PPU","DKI Jakarta","RS Tipe B",1,0,0,1,0,0,12,"2025-06-22 00:00:00","2025-06-22 00:00:00"
"P00293",32,"L","PPU","Jawa Barat","RS Tipe B",0,0,0,3,2,864000,12,"2025-04-04 00:00:00","2025-04-04 00:00:00"
"P00294",21,"P","PBI","Jawa Timur","RS Tipe C",0,0,0,3,3,1153000,12,"2025-08-01 00:00:00","2025-08-01 00:00:00"
"P00295",37,"P","PBI","Jawa Barat","Klinik",0,0,0,1,0,0,12,"2025-08-24 00:00:00","2025-08-24 00:00:00"
"P00296",55,"P","PPU","Jawa Barat","RS Tipe C",0,0,0,0,0,0,9,"2025-08-19 00:00:00","2025-08-19 00:00:00"
"P00297",76,"L","PBI","Jawa Barat","RS Tipe C",0,0,0,1,0,0,12,"2025-12-27 00:00:00","2025-12-27 00:00:00"
"P00298",38,"L","PPU","Banten","Puskesmas",0,0,0,0,0,0,12,"2025-07-20 00:00:00","2025-07-20 00:00:00"
"P00299",51,"L","PPU","Jawa Timur","RS Tipe C",0,0,0,2,0,0,12,"2025-09-16 00:00:00","2025-09-16 00:00:00"
"P00300",13,"P","BP","Jawa Tengah","RS Tipe C",1,1,7,2,1,271000,9,"2025-06-17 00:00:00","2025-06-24 00:00:00"
"P00301",58,"L","PBI","DKI Jakarta","Klinik",0,0,0,0,0,0,12,"2025-05-09 00:00:00","2025-05-09 00:00:00"
"P00303",22,"L","PBPU","Jawa Tengah","Puskesmas",0,0,0,0,0,0,12,"2025-07-23 00:00:00","2025-07-23 00:00:00"
"P00304",22,"P","PPU","DKI Jakarta","Klinik",0,0,0,0,0,0,12,"2025-11-28 00:00:00","2025-11-28 00:00:00"
"P00305",71,"P","PBI","Jawa Tengah","RS Tipe C",1,0,0,1,0,0,12,"2025-02-03 00:00:00","2025-02-03 00:00:00"
"P00306",31,"P","PBI","Banten","RS Tipe C",0,0,0,2,0,0,12,"2025-06-04 00:00:00","2025-06-04 00:00:00"
"P00307",35,"L","PPU","Jawa Tengah","RS Tipe B",1,0,0,1,0,0,12,"2025-03-16 00:00:00","2025-03-16 00:00:00"
"P00308",38,"L","PBI","Banten","RS Tipe C",0,1,5,1,0,0,12,"2025-05-03 00:00:00","2025-05-08 00:00:00"
"P00309",35,"L","PPU","Jawa Barat","Puskesmas",0,0,0,0,0,0,12,"2025-11-19 00:00:00","2025-11-19 00:00:00"
"P00312",53,"L","PPU","Jawa Barat","Puskesmas",0,0,0,3,1,68000,12,"2025-12-09 00:00:00","2025-12-09 00:00:00"
"P00314",66,"P","PBI","DKI Jakarta","Klinik",0,0,0,4,4,177000,12,"2025-10-02 00:00:00","2025-10-02 00:00:00"
"P00315",68,"L","PBI","Sumatera Utara","Puskesmas",0,0,0,3,2,441000,12,"2025-03-15 00:00:00","2025-03-15 00:00:00"
"P00316",74,"L","PBPU","DKI Jakarta","RS Tipe B",0,0,0,1,0,0,12,"2025-03-25 00:00:00","2025-03-25 00:00:00"
"P00317",74,"P","PBI","Jawa Barat","RS Tipe C",0,1,6,1,0,0,12,"2025-01-04 00:00:00","2025-01-10 00:00:00"
"P00319",36,"L","PBPU","Jawa Tengah","Klinik",0,0,0,1,0,0,12,"2025-03-12 00:00:00","2025-03-12 00:00:00"
"P00320",69,"L","BP","Jawa Timur","Klinik",0,1,3,1,0,0,12,"2025-05-14 00:00:00","2025-05-17 00:00:00"
"P00321",51,"P","BP","DKI Jakarta","Klinik",0,0,0,2,2,1923000,12,"2025-04-08 00:00:00","2025-04-08 00:00:00"
"P00323",55,"L","BP","Banten","RS Tipe C",0,0,0,0,0,0,12,"2025-12-31 00:00:00","2025-12-31 00:00:00"
"P00324",26,"L","BP","Jawa Barat","RS Tipe B",1,0,0,0,0,0,12,"2025-06-02 00:00:00","2025-06-02 00:00:00"
"P00326",58,"L","PPU","Jawa Tengah","Puskesmas",0,0,0,4,3,878000,6,"2025-05-03 00:00:00","2025-05-03 00:00:00"
"P00327",54,"L","PPU","Banten","RS Tipe B",0,0,0,1,0,0,12,"2025-12-08 00:00:00","2025-12-08 00:00:00"
"P00328",50,"L","PBI","DKI Jakarta","RS Tipe C",0,0,0,1,0,0,9,"2025-02-20 00:00:00","2025-02-20 00:00:00"
"P00329",54,"P","PBPU","DKI Jakarta","Klinik",0,0,0,4,1,605000,12,"2025-07-16 00:00:00","2025-07-16 00:00:00"
"P00330",43,"P","PBI","Jawa Barat","Puskesmas",0,0,0,2,0,0,12,"2025-08-08 00:00:00","2025-08-08 00:00:00"
"P00331",30,"P","PPU","Banten","Puskesmas",1,0,0,2,0,0,12,"2025-09-29 00:00:00","2025-09-29 00:00:00"
"P00332",68,"L","PBPU","Jawa Timur","Klinik",1,0,0,1,0,0,12,"2025-06-18 00:00:00","2025-06-18 00:00:00"
"P00333",57,"L","PPU","Banten","Puskesmas",0,0,0,3,2,651000,9,"2025-11-14 00:00:00","2025-11-14 00:00:00"
"P00334",35,"L","PBPU","Jawa Tengah","Puskesmas",1,0,0,4,4,1555000,12,"2025-08-06 00:00:00","2025-08-06 00:00:00"
"P00335",65,"L","PPU","Jawa Tengah","RS Tipe A",0,0,0,2,0,0,12,"2025-02-16 00:00:00","2025-02-16 00:00:00"
"P00336",33,"P","PPU","Jawa Timur","Puskesmas",0,0,0,2,0,0,12,"2025-12-16 00:00:00","2025-12-16 00:00:00"
"P00337",90,"L","PPU","Jawa Tengah","RS Tipe B",1,0,0,3,3,398000,12,"2025-06-10 00:00:00","2025-06-10 00:00:00"
"P00338",57,"P","PPU","Jawa Timur","Klinik",1,0,0,3,2,465000,12,"2025-03-15 00:00:00","2025-03-15 00:00:00"
"P00339",43,"P","PBI","Jawa Tengah","Puskesmas",0,0,0,1,0,0,12,"2025-10-22 00:00:00","2025-10-22 00:00:00"
"P00340",12,"P","PBI","Banten","Puskesmas",1,0,0,0,0,0,12,"2025-05-29 00:00:00","2025-05-29 00:00:00"
"P00341",20,"P","BP","DKI Jakarta","RS Tipe B",0,0,0,0,0,0,9,"2025-10-06 00:00:00","2025-10-06 00:00:00"
"P00342",29,"L","PPU","DKI Jakarta","RS Tipe C",0,0,0,4,4,1790000,12,"2025-11-25 00:00:00","2025-11-25 00:00:00"
"P00343",41,"P","BP","Jawa Tengah","RS Tipe B",0,0,0,5,3,1719000,12,"2025-01-03 00:00:00","2025-01-03 00:00:00"
"P00344",21,"L","PPU","DKI Jakarta","RS Tipe C",0,0,0,4,4,287000,6,"2025-07-29 00:00:00","2025-07-29 00:00:00"
"P00345",59,"P","PBI","DKI Jakarta","RS Tipe C",0,0,0,4,1,449000,12,"2025-01-18 00:00:00","2025-01-18 00:00:00"
"P00346",22,"P","PBI","Jawa Timur","Puskesmas",0,0,0,1,0,0,9,"2025-12-14 00:00:00","2025-12-14 00:00:00"
"P00349",42,"P","BP","Sumatera Utara","RS Tipe C",0,0,0,0,0,0,12,"2025-04-13 00:00:00","2025-04-13 00:00:00"
"P00351",41,"L","PPU","Jawa Tengah","RS Tipe B",1,0,0,4,2,409000,12,"2025-10-12 00:00:00","2025-10-12 00:00:00"
"P00352",43,"P","PBPU","Jawa Tengah","Klinik",0,0,0,1,0,0,6,"2025-10-21 00:00:00","2025-10-21 00:00:00"
"P00354",51,"P","PPU","Jawa Timur","RS Tipe C",0,0,0,1,0,0,12,"2025-05-06 00:00:00","2025-05-06 00:00:00"
"P00355",50,"P","PPU","Jawa Barat","Puskesmas",0,0,0,3,2,547000,9,"2025-11-08 00:00:00","2025-11-08 00:00:00"
"P00357",71,"L","PBPU","Jawa Timur","Puskesmas",1,0,0,2,0,0,12,"2025-10-03 00:00:00","2025-10-03 00:00:00"
"P00358",53,"L","PPU","Banten","RS Tipe B",0,1,1,5,5,9461000,12,"2025-05-20 00:00:00","2025-05-21 00:00:00"
"P00359",57,"P","PBPU","Jawa Tengah","Puskesmas",0,0,0,4,4,1791000,12,"2025-07-05 00:00:00","2025-07-05 00:00:00"
"P00360",32,"L","PPU","Jawa Tengah","Puskesmas",0,0,0,1,1,161000,12,"2025-05-19 00:00:00","2025-05-19 00:00:00"
"P00361",28,"P","PBPU","Jawa Barat","Klinik",0,0,0,1,0,0,12,"2025-11-05 00:00:00","2025-11-05 00:00:00"
"P00362",38,"L","BP","Jawa Barat","Klinik",0,0,0,2,0,0,12,"2025-02-28 00:00:00","2025-02-28 00:00:00"
"P00363",85,"P","BP","Banten","Klinik",0,0,0,3,2,550000,12,"2025-05-12 00:00:00","2025-05-12 00:00:00"
"P00364",71,"L","PBI","Banten","Puskesmas",1,1,2,5,3,5237000,12,"2025-01-20 00:00:00","2025-01-22 00:00:00"
"P00365",32,"P","PBI","Jawa Barat","Puskesmas",0,0,0,2,0,0,12,"2025-01-24 00:00:00","2025-01-24 00:00:00"
"P00366",76,"L","PBPU","DKI Jakarta","Klinik",0,0,0,2,0,0,12,"2025-07-07 00:00:00","2025-07-07 00:00:00"
"P00367",54,"L","PBPU","Jawa Barat","Klinik",0,0,0,1,0,0,12,"2025-08-29 00:00:00","2025-08-29 00:00:00"
"P00368",53,"L","PBPU","Jawa Barat","RS Tipe C",0,0,0,3,2,1421000,9,"2025-10-16 00:00:00","2025-10-16 00:00:00"
"P00369",44,"P","PBI","DKI Jakarta","Puskesmas",0,0,0,0,0,0,12,"2025-11-03 00:00:00","2025-11-03 00:00:00"
"P00370",25,"P","PPU","DKI Jakarta","RS Tipe B",0,0,0,0,0,0,12,"2025-12-28 00:00:00","2025-12-28 00:00:00"
"P00371",31,"L","PBI","Jawa Barat","Puskesmas",0,0,0,2,0,0,12,"2025-01-24 00:00:00","2025-01-24 00:00:00"
"P00372",34,"P","PBI","Jawa Barat","Klinik",0,0,0,1,0,0,12,"2025-05-03 00:00:00","2025-05-03 00:00:00"
"P00373",27,"P","PBPU","Jawa Tengah","Puskesmas",0,0,0,3,2,2483000,12,"2025-01-17 00:00:00","2025-01-17 00:00:00"
"P00374",50,"L","PBPU","Banten","RS Tipe C",1,1,4,0,0,0,12,"2025-02-03 00:00:00","2025-02-07 00:00:00"
"P00375",43,"L","PPU","Jawa Barat","RS Tipe C",0,0,0,4,3,323000,12,"2025-05-31 00:00:00","2025-05-31 00:00:00"
"P00376",33,"L","PPU","Sumatera Utara","RS Tipe C",0,0,0,5,2,922000,12,"2025-05-16 00:00:00","2025-05-16 00:00:00"
"P00378",58,"L","PPU","Banten","Puskesmas",0,0,0,4,0,0,12,"2025-04-13 00:00:00","2025-04-13 00:00:00"
"P00379",50,"P","PPU","Sumatera Utara","RS Tipe B",0,0,0,0,0,0,12,"2025-10-01 00:00:00","2025-10-01 00:00:00"
"P00380",34,"P","PBI","DKI Jakarta","Klinik",1,0,0,3,0,0,12,"2025-05-18 00:00:00","2025-05-18 00:00:00"
"P00381",83,"L","PBPU","Jawa Tengah","Klinik",0,0,0,0,0,0,12,"2025-12-11 00:00:00","2025-12-11 00:00:00"
"P00382",42,"L","PPU","Sumatera Utara","Klinik",1,0,0,1,0,0,12,"2025-05-30 00:00:00","2025-05-30 00:00:00"
"P00383",18,"P","PBI","Jawa Barat","Puskesmas",0,0,0,1,0,0,9,"2025-11-21 00:00:00","2025-11-21 00:00:00"
"P00384",67,"P","PBPU","Jawa Tengah","Klinik",0,0,0,2,2,2035000,12,"2025-09-03 00:00:00","2025-09-03 00:00:00"
"P00386",55,"L","BP","Jawa Tengah","RS Tipe C",0,0,0,1,0,0,6,"2025-05-16 00:00:00","2025-05-16 00:00:00"
"P00388",0,"P","PBI","Banten","Puskesmas",0,1,6,0,0,0,12,"2025-07-20 00:00:00","2025-07-26 00:00:00"
"P00389",42,"P","PBI","DKI Jakarta","RS Tipe B",0,0,0,1,0,0,9,"2025-12-30 00:00:00","2025-12-30 00:00:00"
"P00390",73,"P","PPU","Jawa Timur","Puskesmas",0,0,0,0,0,0,12,"2025-09-04 00:00:00","2025-09-04 00:00:00"
"P00391",24,"L","PPU","Jawa Barat","RS Tipe B",0,0,0,1,0,0,12,"2025-10-09 00:00:00","2025-10-09 00:00:00"
"P00392",38,"P","PBPU","DKI Jakarta","Puskesmas",0,0,0,1,0,0,6,"2025-10-09 00:00:00","2025-10-09 00:00:00"
"P00393",18,"P","PPU","Sumatera Utara","RS Tipe C",0,0,0,4,4,999000,12,"2025-09-18 00:00:00","2025-09-18 00:00:00"
"P00394",43,"P","PPU","Jawa Tengah","RS Tipe C",0,0,0,5,4,276000,12,"2025-03-27 00:00:00","2025-03-27 00:00:00"
"P00395",40,"P","PPU","Jawa Barat","RS Tipe C",0,1,1,0,0,0,12,"2025-12-28 00:00:00","2025-12-29 00:00:00"
"P00396",45,"L","PPU","Jawa Barat","Klinik",0,0,0,0,0,0,9,"2025-10-29 00:00:00","2025-10-29 00:00:00"
"P00397",21,"P","PBPU","DKI Jakarta","Klinik",0,0,0,0,0,0,12,"2025-03-17 00:00:00","2025-03-17 00:00:00"
"P00398",0,"L","PPU","Jawa Timur","RS Tipe B",0,0,0,1,0,0,12,"2025-10-30 00:00:00","2025-10-30 00:00:00"
"P00399",42,"L","PPU","DKI Jakarta","RS Tipe C",0,0,0,1,0,0,12,"2025-09-19 00:00:00","2025-09-19 00:00:00"
"P00400",47,"P","PBI","DKI Jakarta","Klinik",0,0,0,2,2,491000,9,"2025-09-09 00:00:00","2025-09-09 00:00:00"
"P00401",79,"P","PBPU","Jawa Tengah","RS Tipe C",1,0,0,4,4,2294000,6,"2025-09-14 00:00:00","2025-09-14 00:00:00"
"P00402",64,"P","PBPU","DKI Jakarta","RS Tipe C",1,0,0,1,0,0,12,"2025-07-09 00:00:00","2025-07-09 00:00:00"
"P00403",25,"L","PPU","Jawa Tengah","RS Tipe B",1,0,0,4,4,2094000,12,"2025-05-09 00:00:00","2025-05-09 00:00:00"
"P00404",16,"P","PBPU","Sumatera Utara","RS Tipe B",0,0,0,2,2,1265000,12,"2025-01-02 00:00:00","2025-01-02 00:00:00"
"P00405",32,"P","PBI","DKI Jakarta","Klinik",1,0,0,5,2,227000,12,"2025-04-09 00:00:00","2025-04-09 00:00:00"
"P00406",45,"L","PBPU","Banten","RS Tipe C",0,0,0,0,0,0,12,"2025-09-18 00:00:00","2025-09-18 00:00:00"
"P00407",58,"P","PPU","DKI Jakarta","RS Tipe C",1,0,0,6,4,722000,12,"2025-10-15 00:00:00","2025-10-15 00:00:00"
"P00409",43,"L","PBI","Jawa Barat","Puskesmas",0,0,0,3,2,111000,9,"2025-03-05 00:00:00","2025-03-05 00:00:00"
"P00410",69,"P","PPU","Banten","Puskesmas",0,0,0,1,0,0,12,"2025-05-12 00:00:00","2025-05-12 00:00:00"
"P00411",40,"L","PBI","DKI Jakarta","Puskesmas",0,0,0,0,0,0,12,"2025-05-14 00:00:00","2025-05-14 00:00:00"
"P00412",39,"P","PBPU","Jawa Barat","Klinik",0,0,0,6,5,626000,12,"2025-04-11 00:00:00","2025-04-11 00:00:00"
"P00413",44,"L","BP","Sumatera Utara","RS Tipe C",0,0,0,1,0,0,12,"2025-10-13 00:00:00","2025-10-13 00:00:00"
"P00414",60,"P","PBI","DKI Jakarta","Puskesmas",0,0,0,0,0,0,12,"2025-06-19 00:00:00","2025-06-19 00:00:00"
"P00415",22,"L","PPU","Jawa Tengah","RS Tipe A",0,0,0,1,0,0,6,"2025-07-30 00:00:00","2025-07-30 00:00:00"
"P00416",65,"L","PBI","DKI Jakarta","RS Tipe C",0,0,0,0,0,0,12,"2025-03-29 00:00:00","2025-03-29 00:00:00"
"P00418",39,"L","PBPU","Jawa Barat","Klinik",0,0,0,0,0,0,12,"2025-02-02 00:00:00","2025-02-02 00:00:00"
"P00419",23,"P","PPU","Banten","Klinik",0,0,0,2,2,482000,12,"2025-10-04 00:00:00","2025-10-04 00:00:00"
"P00421",36,"P","BP","Jawa Tengah","RS Tipe C",1,0,0,1,0,0,6,"2025-01-05 00:00:00","2025-01-05 00:00:00"
"P00422",33,"L","PPU","Jawa Barat","RS Tipe C",0,0,0,0,0,0,12,"2025-08-29 00:00:00","2025-08-29 00:00:00"
"P00423",51,"L","PBPU","DKI Jakarta","Puskesmas",0,1,5,0,0,0,12,"2025-07-17 00:00:00","2025-07-22 00:00:00"
"P00424",30,"L","PBI","Jawa Timur","RS Tipe C",0,0,0,4,0,0,12,"2025-07-28 00:00:00","2025-07-28 00:00:00"
"P00425",34,"L","PPU","DKI Jakarta","RS Tipe A",0,0,0,2,1,412000,12,"2025-04-26 00:00:00","2025-04-26 00:00:00"
"P00426",0,"P","PBPU","Jawa Timur","Klinik",0,0,0,0,0,0,12,"2025-06-15 00:00:00","2025-06-15 00:00:00"
"P00427",36,"P","BP","Banten","Puskesmas",0,0,0,6,5,296000,12,"2025-12-31 00:00:00","2025-12-31 00:00:00"
"P00428",32,"P","PPU","DKI Jakarta","Klinik",0,0,0,0,0,0,9,"2025-04-10 00:00:00","2025-04-10 00:00:00"
"P00430",44,"P","PPU","Jawa Barat","Puskesmas",0,0,0,2,0,0,12,"2025-12-31 00:00:00","2025-12-31 00:00:00"
"P00431",35,"P","PPU","Jawa Tengah","RS Tipe C",0,0,0,2,1,545000,12,"2025-02-26 00:00:00","2025-02-26 00:00:00"
"P00432",43,"P","PPU","DKI Jakarta","RS Tipe C",0,0,0,0,0,0,12,"2025-08-02 00:00:00","2025-08-02 00:00:00"
"P00433",22,"P","PPU","Jawa Tengah","RS Tipe A",0,0,0,2,0,0,12,"2025-05-28 00:00:00","2025-05-28 00:00:00"
"P00435",38,"P","PPU","Jawa Barat","RS Tipe C",1,0,0,2,0,0,9,"2025-07-17 00:00:00","2025-07-17 00:00:00"
"P00436",35,"L","PPU","DKI Jakarta","Puskesmas",0,1,0,1,0,0,6,"2025-06-10 00:00:00","2025-06-10 00:00:00"
"P00437",17,"P","PBPU","DKI Jakarta","Klinik",0,0,0,3,2,162000,12,"2025-09-21 00:00:00","2025-09-21 00:00:00"
"P00438",78,"L","PPU","DKI Jakarta","Klinik",0,0,0,2,0,0,12,"2025-10-13 00:00:00","2025-10-13 00:00:00"
"P00439",54,"L","PBPU","Jawa Timur","Klinik",0,0,0,0,0,0,6,"2025-12-19 00:00:00","2025-12-19 00:00:00"
"P00440",45,"P","PPU","DKI Jakarta","Puskesmas",0,0,0,2,2,583000,12,"2025-11-06 00:00:00","2025-11-06 00:00:00"
"P00441",63,"L","PBI","Jawa Timur","RS Tipe A",0,0,0,0,0,0,12,"2025-12-22 00:00:00","2025-12-22 00:00:00"
"P00442",54,"L","PPU","Sumatera Utara","RS Tipe B",0,1,1,3,3,1923000,12,"2025-10-27 00:00:00","2025-10-28 00:00:00"
"P00444",53,"L","PPU","Jawa Tengah","RS Tipe B",1,0,0,3,3,2032000,12,"2025-09-22 00:00:00","2025-09-22 00:00:00"
"P00446",32,"L","PPU","Banten","RS Tipe C",0,0,0,3,2,756000,12,"2025-05-13 00:00:00","2025-05-13 00:00:00"
"P00447",17,"P","PBPU","DKI Jakarta","Klinik",0,0,0,2,0,0,12,"2025-01-21 00:00:00","2025-01-21 00:00:00"
"P00448",20,"L","BP","DKI Jakarta","RS Tipe A",1,0,0,2,0,0,6,"2025-02-20 00:00:00","2025-02-20 00:00:00"
"P00449",21,"L","PPU","Jawa Timur","Puskesmas",0,0,0,0,0,0,12,"2025-01-10 00:00:00","2025-01-10 00:00:00"
"P00450",38,"P","BP","DKI Jakarta","Puskesmas",0,0,0,0,0,0,9,"2025-03-08 00:00:00","2025-03-08 00:00:00"
"P00451",56,"L","PBI","Jawa Tengah","Klinik",0,0,0,1,0,0,12,"2025-08-10 00:00:00","2025-08-10 00:00:00"
"P00452",71,"P","PPU","DKI Jakarta","Puskesmas",0,0,0,2,0,0,12,"2025-04-05 00:00:00","2025-04-05 00:00:00"
"P00453",52,"L","PPU","DKI Jakarta","RS Tipe B",0,0,0,0,0,0,9,"2025-05-19 00:00:00","2025-05-19 00:00:00"
"P00456",45,"P","PPU","DKI Jakarta","RS Tipe B",0,0,0,1,0,0,12,"2025-06-16 00:00:00","2025-06-16 00:00:00"
"P00457",30,"L","PBI","Jawa Barat","Klinik",0,0,0,6,4,1793000,12,"2025-10-26 00:00:00","2025-10-26 00:00:00"
"P00458",75,"L","PBI","Jawa Barat","RS Tipe C",1,0,0,1,0,0,12,"2025-11-28 00:00:00","2025-11-28 00:00:00"
"P00459",18,"L","PBI","Jawa Tengah","RS Tipe C",0,0,0,4,3,601000,12,"2025-11-26 00:00:00","2025-11-26 00:00:00"
"P00460",38,"P","PBI","Jawa Tengah","Puskesmas",0,0,0,3,3,1562000,12,"2025-03-26 00:00:00","2025-03-26 00:00:00"
"P00461",34,"P","PPU","Sumatera Utara","Klinik",0,0,0,0,0,0,12,"2025-09-23 00:00:00","2025-09-23 00:00:00"
"P00462",36,"L","PPU","Jawa Tengah","Puskesmas",0,0,0,1,0,0,12,"2025-08-10 00:00:00","2025-08-10 00:00:00"
"P00463",40,"L","PPU","Jawa Timur","RS Tipe B",0,1,0,3,3,162000,12,"2025-01-10 00:00:00","2025-01-10 00:00:00"
"P00464",42,"L","BP","Banten","RS Tipe B",0,0,0,0,0,0,12,"2025-11-28 00:00:00","2025-11-28 00:00:00"
"P00465",39,"P","PPU","Jawa Timur","RS Tipe A",0,0,0,0,0,0,12,"2025-01-21 00:00:00","2025-01-21 00:00:00"
"P00466",34,"P","PBPU","Jawa Timur","Puskesmas",0,0,0,1,0,0,12,"2025-01-18 00:00:00","2025-01-18 00:00:00"
"P00467",33,"P","BP","Banten","Puskesmas",0,0,0,1,0,0,12,"2025-05-10 00:00:00","2025-05-10 00:00:00"
"P00469",42,"L","PBI","Jawa Timur","RS Tipe C",1,0,0,0,0,0,12,"2025-01-18 00:00:00","2025-01-18 00:00:00"
"P00470",54,"P","PBI","Jawa Timur","Puskesmas",0,0,0,0,0,0,12,"2025-09-04 00:00:00","2025-09-04 00:00:00"
"P00472",45,"L","PBI","DKI Jakarta","RS Tipe C",0,0,0,4,3,466000,12,"2025-10-15 00:00:00","2025-10-15 00:00:00"
"P00474",32,"L","PPU","Jawa Tengah","Klinik",0,0,0,3,0,0,12,"2025-07-06 00:00:00","2025-07-06 00:00:00"
"P00476",41,"P","PPU","Jawa Tengah","RS Tipe B",0,0,0,0,0,0,12,"2025-07-19 00:00:00","2025-07-19 00:00:00"
"P00477",54,"L","PPU","Jawa Tengah","RS Tipe B",0,0,0,0,0,0,12,"2025-09-26 00:00:00","2025-09-26 00:00:00"
"P00478",33,"L","PBPU","Jawa Tengah","Klinik",0,0,0,1,0,0,6,"2025-01-15 00:00:00","2025-01-15 00:00:00"
"P00479",30,"L","BP","Jawa Timur","RS Tipe C",1,0,0,3,0,0,6,"2025-03-03 00:00:00","2025-03-03 00:00:00"
"P00480",16,"L","PBPU","Jawa Barat","Klinik",0,0,0,2,0,0,12,"2025-04-21 00:00:00","2025-04-21 00:00:00"
"P00482",43,"P","PPU","Jawa Tengah","RS Tipe C",0,0,0,2,0,0,12,"2025-10-23 00:00:00","2025-10-23 00:00:00"
"P00483",55,"P","PBI","Banten","RS Tipe C",0,0,0,1,0,0,12,"2025-10-14 00:00:00","2025-10-14 00:00:00"
"P00484",36,"P","PPU","Jawa Timur","RS Tipe C",0,0,0,0,0,0,9,"2025-01-03 00:00:00","2025-01-03 00:00:00"
"P00485",23,"L","PPU","DKI Jakarta","Puskesmas",0,0,0,0,0,0,6,"2025-03-08 00:00:00","2025-03-08 00:00:00"
"P00486",51,"P","PBPU","DKI Jakarta","RS Tipe C",0,1,6,1,0,0,6,"2025-07-06 00:00:00","2025-07-12 00:00:00"
"P00487",17,"P","BP","Jawa Barat","Puskesmas",0,0,0,3,2,507000,12,"2025-05-29 00:00:00","2025-05-29 00:00:00"
"P00489",31,"P","PBPU","Jawa Barat","Puskesmas",0,0,0,0,0,0,12,"2025-04-26 00:00:00","2025-04-26 00:00:00"
"P00490",34,"P","PPU","DKI Jakarta","Klinik",0,0,0,1,0,0,12,"2025-12-27 00:00:00","2025-12-27 00:00:00"
"P00491",34,"L","PBPU","DKI Jakarta","Puskesmas",0,0,0,1,1,162000,6,"2025-08-09 00:00:00","2025-08-09 00:00:00"
"P00492",63,"P","PBI","Jawa Tengah","Klinik",0,0,0,2,0,0,12,"2025-08-16 00:00:00","2025-08-16 00:00:00"
"P00493",20,"P","PBPU","Banten","Puskesmas",0,0,0,0,0,0,12,"2025-03-05 00:00:00","2025-03-05 00:00:00"
"P00494",72,"P","PPU","DKI Jakarta","Puskesmas",0,0,0,0,0,0,12,"2025-12-04 00:00:00","2025-12-04 00:00:00"
"P00495",29,"P","PBPU","Jawa Barat","Puskesmas",0,0,0,3,0,0,12,"2025-07-11 00:00:00","2025-07-11 00:00:00"
"P00496",54,"P","PBI","Jawa Barat","Klinik",1,0,0,2,0,0,12,"2025-04-15 00:00:00","2025-04-15 00:00:00"
"P00497",45,"P","PBI","Jawa Barat","Puskesmas",1,0,0,0,0,0,9,"2025-02-07 00:00:00","2025-02-07 00:00:00"
"P00498",47,"P","PBI","Jawa Tengah","RS Tipe B",0,0,0,0,0,0,12,"2025-03-07 00:00:00","2025-03-07 00:00:00"
"P00499",79,"P","PBPU","Banten","Klinik",0,0,0,0,0,0,12,"2025-05-05 00:00:00","2025-05-05 00:00:00"
"P00501",42,"L","PPU","Jawa Timur","Puskesmas",0,0,0,1,0,0,6,"2025-05-24 00:00:00","2025-05-24 00:00:00"
"P00503",35,"P","PBPU","Banten","Puskesmas",0,0,0,0,0,0,12,"2025-06-20 00:00:00","2025-06-20 00:00:00"
"P00504",38,"P","PBPU","Jawa Barat","Klinik",0,0,0,0,0,0,9,"2025-07-10 00:00:00","2025-07-10 00:00:00"
"P00505",17,"L","PPU","Banten","RS Tipe A",0,0,0,2,2,401000,12,"2025-03-28 00:00:00","2025-03-28 00:00:00"
"P00506",17,"L","PBI","Jawa Barat","RS Tipe C",1,1,11,1,0,0,12,"2025-12-05 00:00:00","2025-12-16 00:00:00"
"P00507",31,"P","PBI","DKI Jakarta","Puskesmas",0,0,0,0,0,0,12,"2025-08-02 00:00:00","2025-08-02 00:00:00"
"P00509",31,"P","PPU","DKI Jakarta","Puskesmas",0,0,0,3,0,0,12,"2025-06-11 00:00:00","2025-06-11 00:00:00"
"P00510",47,"L","BP","Jawa Timur","RS Tipe B",0,0,0,0,0,0,6,"2025-06-08 00:00:00","2025-06-08 00:00:00"
"P00511",7,"P","PBI","Jawa Barat","Klinik",0,0,0,0,0,0,12,"2025-05-06 00:00:00","2025-05-06 00:00:00"
"P00512",56,"L","BP","Banten","Puskesmas",0,0,0,0,0,0,12,"2025-04-06 00:00:00","2025-04-06 00:00:00"
"P00520",50,"L","PBI","DKI Jakarta","Klinik",0,1,3,3,0,0,12,"2025-02-10 00:00:00","2025-02-13 00:00:00"
"P00521",68,"P","PPU","Jawa Timur","Klinik",0,0,0,0,0,0,12,"2025-04-14 00:00:00","2025-04-14 00:00:00"
"P00523",50,"P","PBI","Jawa Tengah","Puskesmas",1,0,0,1,0,0,12,"2025-09-10 00:00:00","2025-09-10 00:00:00"
"P00524",42,"L","PPU","DKI Jakarta","RS Tipe B",0,0,0,0,0,0,9,"2025-01-18 00:00:00","2025-01-18 00:00:00"
"P00525",66,"P","PBPU","DKI Jakarta","Klinik",1,0,0,3,0,0,12,"2025-10-04 00:00:00","2025-10-04 00:00:00"
"P00526",14,"L","PBPU","Sumatera Utara","Puskesmas",0,0,0,1,1,92000,12,"2025-03-16 00:00:00","2025-03-16 00:00:00"
"P00527",19,"L","BP","Jawa Timur","Klinik",0,0,0,4,3,769000,12,"2025-12-10 00:00:00","2025-12-10 00:00:00"
"P00528",34,"P","PBPU","Banten","RS Tipe B",1,0,0,5,4,1029000,12,"2025-10-02 00:00:00","2025-10-02 00:00:00"
"P00529",29,"L","PPU","DKI Jakarta","RS Tipe C",0,0,0,0,0,0,9,"2025-04-05 00:00:00","2025-04-05 00:00:00"
"P00531",52,"L","PPU","Sumatera Utara","RS Tipe C",0,0,0,2,0,0,12,"2025-04-13 00:00:00","2025-04-13 00:00:00"
"P00532",45,"L","PPU","Jawa Barat","Puskesmas",0,0,0,2,1,743000,6,"2025-09-24 00:00:00","2025-09-24 00:00:00"
"P00533",51,"L","BP","DKI Jakarta","Puskesmas",0,0,0,3,0,0,12,"2025-05-02 00:00:00","2025-05-02 00:00:00"
"P00534",41,"P","PPU","Sumatera Utara","Puskesmas",0,0,0,2,0,0,9,"2025-09-09 00:00:00","2025-09-09 00:00:00"
"P00535",68,"L","PPU","DKI Jakarta","RS Tipe C",1,0,0,4,3,975000,12,"2025-12-28 00:00:00","2025-12-28 00:00:00"
"P00536",43,"L","PBI","DKI Jakarta","RS Tipe A",0,0,0,1,0,0,12,"2025-08-07 00:00:00","2025-08-07 00:00:00"
"P00537",71,"P","PBI","Jawa Barat","Klinik",1,0,0,1,0,0,12,"2025-01-08 00:00:00","2025-01-08 00:00:00"
"P00538",28,"L","PBPU","Jawa Tengah","Klinik",0,0,0,0,0,0,12,"2025-05-30 00:00:00","2025-05-30 00:00:00"
"P00539",23,"L","PBPU","DKI Jakarta","Klinik",0,0,0,2,0,0,12,"2025-09-03 00:00:00","2025-09-03 00:00:00"
"P00540",49,"L","PBPU","Jawa Timur","Klinik",0,0,0,2,0,0,12,"2025-01-14 00:00:00","2025-01-14 00:00:00"
"P00541",54,"P","PBPU","Sumatera Utara","RS Tipe C",0,0,0,2,0,0,12,"2025-10-28 00:00:00","2025-10-28 00:00:00"
"P00542",49,"L","PBI","Sumatera Utara","RS Tipe B",0,0,0,2,2,653000,12,"2025-08-18 00:00:00","2025-08-18 00:00:00"
"P00543",55,"L","PPU","Jawa Tengah","Klinik",0,0,0,0,0,0,6,"2025-04-01 00:00:00","2025-04-01 00:00:00"
"P00544",42,"P","PBPU","Banten","Klinik",0,0,0,2,0,0,12,"2025-08-28 00:00:00","2025-08-28 00:00:00"
"P00547",32,"P","PPU","Jawa Barat","Puskesmas",1,0,0,7,7,1259000,12,"2025-12-23 00:00:00","2025-12-23 00:00:00"
"P00548",61,"L","PBPU","Jawa Barat","RS Tipe C",1,0,0,0,0,0,12,"2025-10-16 00:00:00","2025-10-16 00:00:00"
"P00549",74,"P","PBI","Jawa Timur","Klinik",0,0,0,1,0,0,12,"2025-10-14 00:00:00","2025-10-14 00:00:00"
"P00550",28,"P","PPU","DKI Jakarta","Puskesmas",0,0,0,4,2,251000,12,"2025-04-15 00:00:00","2025-04-15 00:00:00"
"P00551",63,"L","PBI","Sumatera Utara","Puskesmas",0,0,0,1,0,0,12,"2025-09-29 00:00:00","2025-09-29 00:00:00"
"P00552",67,"L","PBPU","DKI Jakarta","RS Tipe C",1,0,0,2,0,0,12,"2025-10-13 00:00:00","2025-10-13 00:00:00"
"P00553",37,"P","PBPU","Jawa Barat","RS Tipe B",0,0,0,4,3,1313000,12,"2025-03-30 00:00:00","2025-03-30 00:00:00"
"P00554",60,"P","PPU","DKI Jakarta","Puskesmas",1,0,0,1,0,0,12,"2025-03-12 00:00:00","2025-03-12 00:00:00"
"P00556",40,"P","PPU","Jawa Tengah","RS Tipe A",0,0,0,0,0,0,12,"2025-10-09 00:00:00","2025-10-09 00:00:00"
"P00557",67,"P","PBPU","DKI Jakarta","Klinik",0,0,0,4,3,750000,12,"2025-02-27 00:00:00","2025-02-27 00:00:00"
"P00558",88,"P","PPU","Banten","Puskesmas",1,0,0,3,0,0,12,"2025-03-08 00:00:00","2025-03-08 00:00:00"
"P00559",54,"L","PBI","Banten","Puskesmas",0,0,0,0,0,0,12,"2025-02-17 00:00:00","2025-02-17 00:00:00"
"P00560",35,"P","PPU","Jawa Timur","Puskesmas",0,0,0,0,0,0,12,"2025-12-19 00:00:00","2025-12-19 00:00:00"
"P00561",36,"L","PPU","Jawa Tengah","Klinik",0,0,0,2,0,0,9,"2025-07-05 00:00:00","2025-07-05 00:00:00"
"P00562",39,"P","PPU","Jawa Timur","Puskesmas",0,0,0,2,0,0,12,"2025-06-13 00:00:00","2025-06-13 00:00:00"
"P00563",16,"P","PPU","Jawa Tengah","Puskesmas",0,0,0,2,1,144000,6,"2025-08-16 00:00:00","2025-08-16 00:00:00"
"P00566",58,"L","PBI","Jawa Timur","Klinik",0,0,0,3,2,336000,12,"2025-06-15 00:00:00","2025-06-15 00:00:00"
"P00567",9,"P","PBI","Jawa Tengah","RS Tipe C",0,0,0,0,0,0,12,"2025-08-30 00:00:00","2025-08-30 00:00:00"
"P00568",40,"P","PPU","DKI Jakarta","Puskesmas",1,0,0,0,0,0,9,"2025-09-09 00:00:00","2025-09-09 00:00:00"
"P00569",56,"P","PBI","Jawa Timur","Klinik",0,0,0,4,1,631000,12,"2025-02-26 00:00:00","2025-02-26 00:00:00"
"P00570",6,"P","PBPU","Jawa Barat","Puskesmas",0,0,0,5,1,350000,12,"2025-10-07 00:00:00","2025-10-07 00:00:00"
"P00571",59,"L","PPU","Sumatera Utara","RS Tipe A",0,1,4,0,0,0,12,"2025-12-01 00:00:00","2025-12-05 00:00:00"
"P00573",52,"P","BP","Jawa Barat","Klinik",0,0,0,3,2,1177000,12,"2025-12-03 00:00:00","2025-12-03 00:00:00"
"P00575",22,"P","PBI","DKI Jakarta","RS Tipe B",0,0,0,5,3,1258000,12,"2025-03-30 00:00:00","2025-03-30 00:00:00"
"P00577",76,"P","PBPU","Banten","RS Tipe B",1,0,0,1,0,0,12,"2025-01-14 00:00:00","2025-01-14 00:00:00"
"P00578",52,"P","PBI","DKI Jakarta","Klinik",0,0,0,0,0,0,12,"2025-03-16 00:00:00","2025-03-16 00:00:00"
"P00579",46,"P","PBI","Jawa Barat","RS Tipe C",0,0,0,3,2,1362000,12,"2025-09-29 00:00:00","2025-09-29 00:00:00"
"P00580",51,"P","PPU","Jawa Tengah","RS Tipe C",0,0,0,4,2,910000,9,"2025-04-01 00:00:00","2025-04-01 00:00:00"
"P00581",24,"P","PBPU","Jawa Timur","Klinik",0,0,0,0,0,0,6,"2025-12-16 00:00:00","2025-12-16 00:00:00"
"P00582",44,"P","PPU","Jawa Timur","RS Tipe C",0,0,0,2,2,792000,12,"2025-03-23 00:00:00","2025-03-23 00:00:00"
"P00583",25,"P","PBI","Jawa Barat","Puskesmas",0,0,0,2,0,0,12,"2025-05-13 00:00:00","2025-05-13 00:00:00"
"P00584",36,"P","PBPU","DKI Jakarta","RS Tipe A",0,1,0,0,0,0,12,"2025-09-06 00:00:00","2025-09-06 00:00:00"
"P00585",68,"P","PPU","DKI Jakarta","Puskesmas",0,0,0,1,0,0,6,"2025-12-17 00:00:00","2025-12-17 00:00:00"
"P00586",62,"L","PBI","DKI Jakarta","RS Tipe B",0,0,0,0,0,0,12,"2025-07-03 00:00:00","2025-07-03 00:00:00"
"P00588",32,"P","PBI","Banten","RS Tipe B",0,0,0,4,4,2252000,12,"2025-05-05 00:00:00","2025-05-05 00:00:00"
"P00589",41,"P","PBPU","Sumatera Utara","Klinik",0,0,0,1,1,118000,12,"2025-06-25 00:00:00","2025-06-25 00:00:00"
"P00590",28,"P","PBPU","Jawa Barat","Puskesmas",0,0,0,0,0,0,12,"2025-12-30 00:00:00","2025-12-30 00:00:00"
"P00591",47,"L","PPU","Jawa Barat","RS Tipe A",0,0,0,0,0,0,12,"2025-08-01 00:00:00","2025-08-01 00:00:00"
"P00593",30,"P","PPU","Sumatera Utara","Puskesmas",0,0,0,4,2,171000,12,"2025-11-24 00:00:00","2025-11-24 00:00:00"
"P00594",17,"L","PPU","Jawa Tengah","RS Tipe C",1,0,0,3,2,1066000,12,"2025-02-16 00:00:00","2025-02-16 00:00:00"
"P00595",46,"L","PPU","DKI Jakarta","Puskesmas",1,0,0,1,0,0,12,"2025-09-28 00:00:00","2025-09-28 00:00:00"
"P00596",43,"P","PBI","Sumatera Utara","Puskesmas",0,0,0,1,0,0,12,"2025-01-22 00:00:00","2025-01-22 00:00:00"
"P00598",26,"L","PBPU","Jawa Tengah","RS Tipe B",0,0,0,0,0,0,12,"2025-02-03 00:00:00","2025-02-03 00:00:00"
"P00599",55,"P","PBI","DKI Jakarta","RS Tipe A",0,0,0,1,0,0,12,"2025-09-01 00:00:00","2025-09-01 00:00:00"
"P00601",44,"L","PPU","Banten","Klinik",0,0,0,1,0,0,12,"2025-12-13 00:00:00","2025-12-13 00:00:00"
"P00602",42,"L","PBPU","Banten","Puskesmas",0,0,0,2,0,0,12,"2025-05-09 00:00:00","2025-05-09 00:00:00"
"P00603",44,"P","PPU","Jawa Barat","RS Tipe C",0,0,0,2,0,0,12,"2025-10-16 00:00:00","2025-10-16 00:00:00"
"P00605",39,"P","PBPU","Sumatera Utara","RS Tipe C",0,0,0,0,0,0,12,"2025-05-07 00:00:00","2025-05-07 00:00:00"
"P00606",25,"L","BP","Jawa Tengah","Klinik",0,0,0,1,0,0,12,"2025-11-05 00:00:00","2025-11-05 00:00:00"
"P00607",30,"P","PPU","Banten","Puskesmas",0,0,0,1,0,0,12,"2025-11-24 00:00:00","2025-11-24 00:00:00"
"P00608",53,"L","PPU","Jawa Barat","Puskesmas",0,1,6,0,0,0,12,"2025-11-17 00:00:00","2025-11-23 00:00:00"
"P00609",49,"P","PBI","Sumatera Utara","RS Tipe C",0,0,0,4,2,105000,12,"2025-04-02 00:00:00","2025-04-02 00:00:00"
"P00610",53,"P","BP","Sumatera Utara","Klinik",1,0,0,1,0,0,12,"2025-06-29 00:00:00","2025-06-29 00:00:00"
"P00611",72,"L","PPU","Jawa Barat","RS Tipe C",0,1,7,1,0,0,12,"2025-09-25 00:00:00","2025-10-02 00:00:00"
"P00612",49,"P","PPU","Jawa Tengah","RS Tipe C",0,0,0,2,0,0,12,"2025-12-21 00:00:00","2025-12-21 00:00:00"
"P00613",33,"P","BP","Jawa Barat","Puskesmas",0,0,0,0,0,0,6,"2025-06-28 00:00:00","2025-06-28 00:00:00"
"P00614",38,"P","PBI","Sumatera Utara","RS Tipe C",1,0,0,3,2,554000,12,"2025-10-04 00:00:00","2025-10-04 00:00:00"
"P00615",46,"P","PBPU","Jawa Barat","RS Tipe A",1,0,0,2,0,0,12,"2025-12-02 00:00:00","2025-12-02 00:00:00"
"P00616",77,"P","PBPU","Jawa Tengah","Puskesmas",1,0,0,2,2,682000,12,"2025-07-28 00:00:00","2025-07-28 00:00:00"
"P00617",59,"L","PBI","DKI Jakarta","Klinik",1,0,0,2,0,0,6,"2025-02-24 00:00:00","2025-02-24 00:00:00"
"P00618",45,"L","PPU","Jawa Tengah","Klinik",0,0,0,1,0,0,12,"2025-05-06 00:00:00","2025-05-06 00:00:00"
"P00619",45,"L","PBPU","Jawa Timur","Klinik",0,0,0,1,0,0,12,"2025-08-18 00:00:00","2025-08-18 00:00:00"
"P00620",32,"P","PBPU","Jawa Barat","RS Tipe B",0,0,0,1,0,0,9,"2025-02-13 00:00:00","2025-02-13 00:00:00"
"P00621",38,"L","PBPU","DKI Jakarta","RS Tipe B",0,0,0,0,0,0,6,"2025-12-18 00:00:00","2025-12-18 00:00:00"
"P00622",51,"L","PPU","Jawa Tengah","Puskesmas",0,1,3,1,0,0,6,"2025-08-25 00:00:00","2025-08-28 00:00:00"
"P00624",31,"L","PPU","Jawa Tengah","RS Tipe B",0,0,0,1,0,0,12,"2025-06-09 00:00:00","2025-06-09 00:00:00"
"P00625",40,"P","PBI","Jawa Barat","RS Tipe C",0,0,0,0,0,0,12,"2025-10-15 00:00:00","2025-10-15 00:00:00"
"P00626",66,"P","PPU","Jawa Barat","Klinik",1,0,0,3,0,0,12,"2025-12-21 00:00:00","2025-12-21 00:00:00"
"P00627",57,"L","PPU","DKI Jakarta","RS Tipe B",0,0,0,1,0,0,12,"2025-08-17 00:00:00","2025-08-17 00:00:00"
"P00629",71,"P","PPU","Sumatera Utara","Puskesmas",0,0,0,2,0,0,9,"2025-02-26 00:00:00","2025-02-26 00:00:00"
"P00630",11,"L","PPU","Jawa Timur","RS Tipe C",0,0,0,3,2,890000,12,"2025-06-17 00:00:00","2025-06-17 00:00:00"
"P00631",52,"L","PPU","Sumatera Utara","Klinik",0,0,0,0,0,0,12,"2025-08-11 00:00:00","2025-08-11 00:00:00"
"P00632",69,"L","BP","Banten","Puskesmas",0,0,0,0,0,0,12,"2025-08-13 00:00:00","2025-08-13 00:00:00"
"P00633",60,"P","PPU","Jawa Barat","RS Tipe B",0,0,0,2,0,0,12,"2025-04-19 00:00:00","2025-04-19 00:00:00"
"P00634",49,"L","PPU","Jawa Tengah","RS Tipe B",1,0,0,2,1,177000,6,"2025-07-23 00:00:00","2025-07-23 00:00:00"
"P00635",37,"L","PBPU","Banten","Puskesmas",0,0,0,2,1,198000,12,"2025-05-11 00:00:00","2025-05-11 00:00:00"
"P00637",49,"L","PPU","Jawa Tengah","RS Tipe A",0,0,0,0,0,0,12,"2025-07-28 00:00:00","2025-07-28 00:00:00"
"P00638",50,"L","PBPU","Jawa Timur","RS Tipe C",0,0,0,1,1,69000,12,"2025-03-23 00:00:00","2025-03-23 00:00:00"
"P00639",55,"L","PBPU","Jawa Timur","RS Tipe C",0,0,0,2,0,0,12,"2025-11-18 00:00:00","2025-11-18 00:00:00"
"P00640",36,"P","BP","Jawa Barat","Klinik",0,0,0,0,0,0,12,"2025-05-24 00:00:00","2025-05-24 00:00:00"
"P00641",9,"L","PBI","Jawa Timur","RS Tipe A",0,0,0,0,0,0,12,"2025-10-01 00:00:00","2025-10-01 00:00:00"
"P00642",55,"L","PBI","Jawa Barat","RS Tipe B",0,0,0,3,3,1890000,12,"2025-08-13 00:00:00","2025-08-13 00:00:00"
"P00644",61,"L","PBI","DKI Jakarta","Klinik",1,0,0,4,0,0,12,"2025-03-13 00:00:00","2025-03-13 00:00:00"
"P00645",49,"P","PPU","Jawa Timur","Puskesmas",0,0,0,1,0,0,9,"2025-12-01 00:00:00","2025-12-01 00:00:00"
"P00646",39,"P","PBPU","Sumatera Utara","Klinik",0,0,0,5,3,1607000,12,"2025-07-13 00:00:00","2025-07-13 00:00:00"
"P00649",63,"L","PPU","Jawa Barat","Klinik",0,0,0,0,0,0,12,"2025-10-25 00:00:00","2025-10-25 00:00:00"
"P00650",60,"L","PBI","Jawa Barat","RS Tipe C",0,0,0,1,0,0,12,"2025-11-10 00:00:00","2025-11-10 00:00:00"
"P00651",34,"L","PBI","DKI Jakarta","RS Tipe B",0,0,0,0,0,0,12,"2025-07-25 00:00:00","2025-07-25 00:00:00"
"P00652",46,"P","BP","DKI Jakarta","RS Tipe C",0,0,0,3,2,390000,12,"2025-02-12 00:00:00","2025-02-12 00:00:00"
"P00654",40,"L","PPU","Jawa Tengah","Puskesmas",1,0,0,2,0,0,9,"2025-05-04 00:00:00","2025-05-04 00:00:00"
"P00655",51,"P","PPU","Sumatera Utara","RS Tipe B",1,0,0,3,0,0,12,"2025-03-20 00:00:00","2025-03-20 00:00:00"
"P00657",57,"P","BP","Jawa Barat","RS Tipe A",0,0,0,0,0,0,12,"2025-05-15 00:00:00","2025-05-15 00:00:00"
"P00659",13,"P","PBPU","DKI Jakarta","Klinik",0,0,0,1,1,61000,9,"2025-04-26 00:00:00","2025-04-26 00:00:00"
"P00660",55,"L","PBPU","Jawa Barat","RS Tipe C",0,0,0,0,0,0,12,"2025-02-17 00:00:00","2025-02-17 00:00:00"
"P00661",40,"L","PBPU","Jawa Tengah","RS Tipe B",0,0,0,3,0,0,12,"2025-08-22 00:00:00","2025-08-22 00:00:00"
"P00662",12,"L","PBI","Jawa Timur","Puskesmas",0,0,0,0,0,0,12,"2025-07-26 00:00:00","2025-07-26 00:00:00"
"P00663",43,"P","PPU","Jawa Tengah","RS Tipe C",0,0,0,2,1,94000,12,"2025-01-21 00:00:00","2025-01-21 00:00:00"
"P00664",42,"L","PPU","Jawa Tengah","RS Tipe B",0,0,0,0,0,0,12,"2025-01-02 00:00:00","2025-01-02 00:00:00"
"P00665",28,"L","BP","Jawa Tengah","Klinik",0,0,0,1,0,0,12,"2025-06-15 00:00:00","2025-06-15 00:00:00"
"P00666",4,"L","PBI","Jawa Barat","Puskesmas",0,0,0,4,2,897000,6,"2025-02-15 00:00:00","2025-02-15 00:00:00"
"P00668",28,"P","PBI","Jawa Tengah","RS Tipe C",0,0,0,4,0,0,12,"2025-04-13 00:00:00","2025-04-13 00:00:00"
"P00669",37,"L","PPU","Jawa Barat","RS Tipe B",0,0,0,0,0,0,6,"2025-02-05 00:00:00","2025-02-05 00:00:00"
"P00670",20,"L","PPU","Jawa Timur","Puskesmas",0,0,0,1,0,0,12,"2025-07-04 00:00:00","2025-07-04 00:00:00"
"P00671",40,"P","PPU","Jawa Barat","RS Tipe B",1,0,0,3,0,0,12,"2025-04-20 00:00:00","2025-04-20 00:00:00"
"P00672",52,"P","PPU","Banten","Puskesmas",0,0,0,1,0,0,12,"2025-06-06 00:00:00","2025-06-06 00:00:00"
"P00673",17,"P","PBPU","Jawa Barat","Klinik",1,0,0,1,0,0,6,"2025-06-30 00:00:00","2025-06-30 00:00:00"
"P00674",56,"L","PPU","Sumatera Utara","Klinik",0,0,0,2,0,0,12,"2025-03-15 00:00:00","2025-03-15 00:00:00"
"P00675",17,"P","PBI","DKI Jakarta","Puskesmas",1,0,0,7,4,2422000,12,"2025-08-08 00:00:00","2025-08-08 00:00:00"
"P00676",63,"P","PBPU","Banten","Puskesmas",0,0,0,0,0,0,12,"2025-07-14 00:00:00","2025-07-14 00:00:00"
"P00677",55,"P","PPU","Sumatera Utara","Puskesmas",0,1,0,3,2,703000,12,"2025-05-25 00:00:00","2025-05-25 00:00:00"
"P00678",60,"L","PPU","Jawa Tengah","RS Tipe C",1,0,0,7,4,191000,12,"2025-09-14 00:00:00","2025-09-14 00:00:00"
"P00679",45,"L","BP","Jawa Barat","Klinik",0,0,0,3,2,544000,12,"2025-08-24 00:00:00","2025-08-24 00:00:00"
"P00680",18,"P","PPU","Jawa Barat","RS Tipe C",0,0,0,2,0,0,12,"2025-02-15 00:00:00","2025-02-15 00:00:00"
"P00681",51,"L","PBPU","Banten","Klinik",0,0,0,0,0,0,12,"2025-06-21 00:00:00","2025-06-21 00:00:00"
"P00682",58,"P","PBI","Banten","RS Tipe B",0,0,0,3,3,886000,12,"2025-04-22 00:00:00","2025-04-22 00:00:00"
"P00683",51,"L","PPU","Banten","RS Tipe A",0,0,0,0,0,0,12,"2025-01-22 00:00:00","2025-01-22 00:00:00"
"P00684",30,"L","PBI","Jawa Timur","Klinik",0,0,0,0,0,0,12,"2025-03-11 00:00:00","2025-03-11 00:00:00"
"P00685",32,"L","PBI","Jawa Barat","RS Tipe C",0,0,0,3,3,1160000,12,"2025-10-06 00:00:00","2025-10-06 00:00:00"
"P00686",8,"P","PPU","Jawa Tengah","Puskesmas",0,0,0,5,3,2153000,12,"2025-07-06 00:00:00","2025-07-06 00:00:00"
"P00687",45,"P","PPU","Jawa Timur","RS Tipe C",1,0,0,5,4,1575000,12,"2025-10-22 00:00:00","2025-10-22 00:00:00"
"P00688",33,"L","PPU","DKI Jakarta","Puskesmas",0,0,0,1,0,0,12,"2025-12-06 00:00:00","2025-12-06 00:00:00"
"P00689",62,"L","BP","Jawa Tengah","Klinik",1,0,0,1,0,0,6,"2025-08-01 00:00:00","2025-08-01 00:00:00"
"P00690",57,"L","PBPU","Jawa Tengah","RS Tipe C",1,0,0,0,0,0,12,"2025-09-26 00:00:00","2025-09-26 00:00:00"
"P00691",49,"L","PBPU","DKI Jakarta","RS Tipe C",0,0,0,0,0,0,12,"2025-08-31 00:00:00","2025-08-31 00:00:00"
"P00693",43,"P","PBPU","Jawa Barat","RS Tipe C",1,0,0,2,0,0,12,"2025-06-19 00:00:00","2025-06-19 00:00:00"
"P00694",36,"P","BP","Sumatera Utara","Puskesmas",0,0,0,0,0,0,12,"2025-09-11 00:00:00","2025-09-11 00:00:00"
"P00695",0,"L","PPU","Jawa Barat","Klinik",0,0,0,1,0,0,12,"2025-01-25 00:00:00","2025-01-25 00:00:00"
"P00696",38,"L","PBI","Banten","RS Tipe C",1,0,0,4,1,436000,12,"2025-12-27 00:00:00","2025-12-27 00:00:00"
"P00698",0,"L","PBPU","Jawa Barat","Klinik",0,0,0,2,2,214000,12,"2025-04-30 00:00:00","2025-04-30 00:00:00"
"P00700",51,"P","PPU","Jawa Barat","RS Tipe C",0,0,0,0,0,0,12,"2025-07-03 00:00:00","2025-07-03 00:00:00"
"P00701",39,"P","PBI","Banten","Klinik",0,0,0,1,1,254000,12,"2025-04-21 00:00:00","2025-04-21 00:00:00"
"P00702",53,"L","PBPU","Jawa Barat","RS Tipe B",1,1,2,8,6,5285000,12,"2025-10-31 00:00:00","2025-11-02 00:00:00"
"P00703",90,"P","PPU","Jawa Barat","Klinik",0,1,3,0,0,0,9,"2025-03-16 00:00:00","2025-03-19 00:00:00"
"P00704",58,"L","PPU","DKI Jakarta","RS Tipe C",0,0,0,0,0,0,12,"2025-03-04 00:00:00","2025-03-04 00:00:00"
"P00705",55,"L","PBI","Jawa Timur","Puskesmas",0,0,0,1,0,0,12,"2025-03-22 00:00:00","2025-03-22 00:00:00"
"P00706",32,"P","PPU","DKI Jakarta","RS Tipe C",0,0,0,2,0,0,12,"2025-10-26 00:00:00","2025-10-26 00:00:00"
"P00707",43,"P","PBPU","Jawa Tengah","RS Tipe B",0,0,0,0,0,0,6,"2025-02-01 00:00:00","2025-02-01 00:00:00"
"P00709",28,"P","PBI","Jawa Timur","RS Tipe C",0,0,0,3,2,262000,6,"2025-10-28 00:00:00","2025-10-28 00:00:00"
"P00710",40,"P","PBPU","Banten","RS Tipe A",0,0,0,3,0,0,12,"2025-12-16 00:00:00","2025-12-16 00:00:00"
"P00711",25,"P","PPU","DKI Jakarta","RS Tipe C",0,0,0,1,0,0,12,"2025-09-06 00:00:00","2025-09-06 00:00:00"
"P00712",41,"L","PBI","Jawa Barat","RS Tipe C",0,0,0,0,0,0,12,"2025-10-25 00:00:00","2025-10-25 00:00:00"
"P00713",44,"L","PBI","Jawa Timur","Puskesmas",0,0,0,2,0,0,12,"2025-10-15 00:00:00","2025-10-15 00:00:00"
"P00714",22,"P","BP","DKI Jakarta","Puskesmas",0,0,0,1,0,0,6,"2025-03-27 00:00:00","2025-03-27 00:00:00"
"P00717",57,"L","BP","Jawa Timur","Klinik",0,1,0,3,1,394000,12,"2025-02-19 00:00:00","2025-02-19 00:00:00"
"P00718",55,"P","PBI","DKI Jakarta","Klinik",0,0,0,0,0,0,12,"2025-05-03 00:00:00","2025-05-03 00:00:00"
"P00719",37,"P","PPU","Jawa Barat","RS Tipe B",0,1,0,5,4,387000,12,"2025-05-06 00:00:00","2025-05-06 00:00:00"
"P00720",26,"L","PBI","DKI Jakarta","RS Tipe B",0,0,0,1,0,0,12,"2025-08-14 00:00:00","2025-08-14 00:00:00"
"P00721",39,"L","PPU","DKI Jakarta","Klinik",1,0,0,3,0,0,12,"2025-08-21 00:00:00","2025-08-21 00:00:00"
"P00722",35,"L","PBPU","Jawa Tengah","RS Tipe C",0,0,0,0,0,0,6,"2025-06-28 00:00:00","2025-06-28 00:00:00"
"P00724",10,"P","PPU","Jawa Tengah","Puskesmas",0,0,0,0,0,0,12,"2025-09-14 00:00:00","2025-09-14 00:00:00"
"P00725",33,"L","PBI","DKI Jakarta","Puskesmas",0,0,0,2,1,369000,12,"2025-09-23 00:00:00","2025-09-23 00:00:00"
"P00726",28,"L","PPU","Jawa Timur","RS Tipe B",0,0,0,1,0,0,12,"2025-05-04 00:00:00","2025-05-04 00:00:00"
"P00727",55,"P","PBPU","Jawa Timur","Puskesmas",0,0,0,0,0,0,12,"2025-08-21 00:00:00","2025-08-21 00:00:00"
"P00728",21,"L","PPU","Banten","RS Tipe A",0,0,0,2,1,374000,12,"2025-10-14 00:00:00","2025-10-14 00:00:00"
"P00729",42,"P","BP","Jawa Barat","RS Tipe C",0,0,0,0,0,0,12,"2025-04-14 00:00:00","2025-04-14 00:00:00"
"P00730",57,"L","PPU","Jawa Barat","RS Tipe B",0,0,0,4,3,2127000,12,"2025-12-18 00:00:00","2025-12-18 00:00:00"
"P00731",47,"L","PPU","Jawa Tengah","Puskesmas",1,0,0,0,0,0,12,"2025-08-03 00:00:00","2025-08-03 00:00:00"
"P00732",45,"P","PBI","Jawa Timur","Puskesmas",1,0,0,5,3,899000,12,"2025-03-04 00:00:00","2025-03-04 00:00:00"
"P00733",38,"L","PPU","Jawa Timur","Klinik",0,0,0,1,0,0,12,"2025-03-14 00:00:00","2025-03-14 00:00:00"
"P00734",34,"L","BP","Jawa Tengah","RS Tipe B",0,0,0,3,0,0,12,"2025-06-23 00:00:00","2025-06-23 00:00:00"
"P00735",45,"P","PBPU","Jawa Timur","RS Tipe B",0,0,0,1,1,116000,12,"2025-08-18 00:00:00","2025-08-18 00:00:00"
"P00737",40,"L","PBI","DKI Jakarta","RS Tipe B",0,0,0,0,0,0,12,"2025-11-06 00:00:00","2025-11-06 00:00:00"
"P00739",57,"L","PBI","DKI Jakarta","Puskesmas",0,0,0,2,2,629000,9,"2025-07-25 00:00:00","2025-07-25 00:00:00"
"P00741",68,"P","PPU","Jawa Tengah","Puskesmas",1,0,0,6,6,8166000,12,"2025-07-06 00:00:00","2025-07-06 00:00:00"
"P00743",35,"L","PPU","Banten","RS Tipe B",0,0,0,0,0,0,12,"2025-08-31 00:00:00","2025-08-31 00:00:00"
"P00744",43,"L","PPU","Sumatera Utara","RS Tipe A",0,0,0,0,0,0,12,"2025-05-23 00:00:00","2025-05-23 00:00:00"
"P00745",47,"P","PBI","Sumatera Utara","RS Tipe A",0,0,0,4,4,2912000,12,"2025-01-08 00:00:00","2025-01-08 00:00:00"
"P00749",0,"L","PPU","Banten","Puskesmas",1,1,5,4,2,1031000,12,"2025-03-15 00:00:00","2025-03-20 00:00:00"
"P00750",52,"L","PPU","Jawa Barat","Klinik",0,0,0,2,1,46000,12,"2025-07-21 00:00:00","2025-07-21 00:00:00"
"P00751",19,"P","PPU","Jawa Tengah","RS Tipe A",0,0,0,0,0,0,12,"2025-12-27 00:00:00","2025-12-27 00:00:00"
"P00752",58,"L","PBPU","DKI Jakarta","RS Tipe C",1,0,0,3,3,1862000,12,"2025-01-25 00:00:00","2025-01-25 00:00:00"
"P00753",24,"L","BP","Jawa Barat","Puskesmas",0,0,0,0,0,0,12,"2025-06-06 00:00:00","2025-06-06 00:00:00"
"P00754",46,"P","BP","DKI Jakarta","RS Tipe A",0,0,0,1,0,0,12,"2025-10-30 00:00:00","2025-10-30 00:00:00"
"P00755",42,"P","PPU","Jawa Tengah","Puskesmas",1,0,0,0,0,0,12,"2025-02-25 00:00:00","2025-02-25 00:00:00"
"P00756",26,"P","PPU","Jawa Tengah","RS Tipe A",0,0,0,0,0,0,6,"2025-09-29 00:00:00","2025-09-29 00:00:00"
"P00757",32,"L","PBI","Jawa Barat","Puskesmas",1,0,0,1,0,0,9,"2025-07-31 00:00:00","2025-07-31 00:00:00"
"P00758",27,"L","PBI","Jawa Barat","RS Tipe C",0,0,0,1,0,0,12,"2025-03-30 00:00:00","2025-03-30 00:00:00"
"P00759",64,"P","PBI","DKI Jakarta","RS Tipe C",0,0,0,1,0,0,12,"2025-11-03 00:00:00","2025-11-03 00:00:00"
"P00760",29,"L","PPU","Jawa Barat","Klinik",0,0,0,1,0,0,12,"2025-03-05 00:00:00","2025-03-05 00:00:00"
"P00762",87,"L","PBI","Jawa Barat","RS Tipe C",0,0,0,1,1,56000,9,"2025-07-06 00:00:00","2025-07-06 00:00:00"
"P00763",48,"L","PBI","Jawa Tengah","RS Tipe C",0,0,0,1,0,0,12,"2025-11-01 00:00:00","2025-11-01 00:00:00"
"P00764",36,"P","PPU","Jawa Tengah","Klinik",0,0,0,1,0,0,12,"2025-06-19 00:00:00","2025-06-19 00:00:00"
"P00765",30,"P","PBI","Jawa Tengah","Klinik",0,0,0,0,0,0,9,"2025-06-03 00:00:00","2025-06-03 00:00:00"
"P00766",28,"L","PPU","DKI Jakarta","RS Tipe C",0,0,0,1,0,0,12,"2025-04-28 00:00:00","2025-04-28 00:00:00"
"P00768",41,"P","PBPU","Jawa Barat","Klinik",0,0,0,1,0,0,12,"2025-09-28 00:00:00","2025-09-28 00:00:00"
"P00769",21,"P","PPU","Banten","RS Tipe C",1,0,0,3,0,0,12,"2025-12-04 00:00:00","2025-12-04 00:00:00"
"P00771",40,"L","PBPU","Jawa Barat","Puskesmas",0,0,0,1,0,0,6,"2025-12-31 00:00:00","2025-12-31 00:00:00"
"P00772",66,"P","PPU","DKI Jakarta","Puskesmas",0,0,0,0,0,0,12,"2025-04-24 00:00:00","2025-04-24 00:00:00"
"P00773",41,"L","PPU","Jawa Barat","RS Tipe C",0,0,0,4,2,1067000,12,"2025-06-15 00:00:00","2025-06-15 00:00:00"
"P00774",63,"P","PBPU","Jawa Timur","Klinik",0,0,0,5,3,714000,6,"2025-10-11 00:00:00","2025-10-11 00:00:00"
"P00775",37,"P","PBI","DKI Jakarta","RS Tipe A",0,0,0,1,0,0,12,"2025-12-14 00:00:00","2025-12-14 00:00:00"
"P00777",38,"L","PPU","Jawa Tengah","RS Tipe C",0,0,0,0,0,0,12,"2025-09-24 00:00:00","2025-09-24 00:00:00"
"P00778",88,"L","PBI","DKI Jakarta","Klinik",1,0,0,5,3,180000,9,"2025-02-25 00:00:00","2025-02-25 00:00:00"
"P00779",49,"L","PBPU","DKI Jakarta","RS Tipe A",0,0,0,2,1,432000,12,"2025-11-30 00:00:00","2025-11-30 00:00:00"
"P00780",18,"P","BP","Jawa Tengah","Klinik",0,0,0,3,2,82000,6,"2025-02-03 00:00:00","2025-02-03 00:00:00"
"P00782",35,"P","PPU","DKI Jakarta","Klinik",0,0,0,1,0,0,12,"2025-03-07 00:00:00","2025-03-07 00:00:00"
"P00783",50,"P","PBI","Banten","RS Tipe C",0,0,0,1,0,0,12,"2025-12-03 00:00:00","2025-12-03 00:00:00"
"P00784",64,"L","PPU","DKI Jakarta","RS Tipe C",1,0,0,0,0,0,12,"2025-05-22 00:00:00","2025-05-22 00:00:00"
"P00787",61,"P","BP","DKI Jakarta","RS Tipe C",0,0,0,0,0,0,12,"2025-07-19 00:00:00","2025-07-19 00:00:00"
"P00788",45,"P","PBPU","Sumatera Utara","RS Tipe A",0,0,0,0,0,0,12,"2025-04-05 00:00:00","2025-04-05 00:00:00"
"P00790",35,"P","PBPU","DKI Jakarta","Klinik",0,0,0,0,0,0,9,"2025-05-29 00:00:00","2025-05-29 00:00:00"
"P00791",57,"P","PBPU","Jawa Barat","Puskesmas",0,0,0,1,1,19000,12,"2025-11-20 00:00:00","2025-11-20 00:00:00"
"P00793",30,"P","PPU","DKI Jakarta","Puskesmas",0,0,0,2,0,0,12,"2025-11-03 00:00:00","2025-11-03 00:00:00"
"P00794",32,"P","PPU","Banten","Klinik",0,0,0,2,0,0,12,"2025-04-04 00:00:00","2025-04-04 00:00:00"
"P00795",46,"L","BP","Banten","RS Tipe A",0,0,0,4,3,394000,9,"2025-09-26 00:00:00","2025-09-26 00:00:00"
"P00796",47,"L","PBI","Jawa Barat","RS Tipe B",0,0,0,2,0,0,12,"2025-09-13 00:00:00","2025-09-13 00:00:00"
"P00798",34,"L","PBI","Jawa Tengah","Klinik",0,0,0,1,0,0,9,"2025-01-27 00:00:00","2025-01-27 00:00:00"
"P00799",36,"L","PBPU","Jawa Barat","Klinik",0,0,0,0,0,0,12,"2025-10-13 00:00:00","2025-10-13 00:00:00"
"P00801",56,"P","PPU","Jawa Barat","Puskesmas",0,0,0,1,0,0,12,"2025-05-30 00:00:00","2025-05-30 00:00:00"
"P00802",50,"P","PBI","Jawa Timur","RS Tipe A",0,0,0,1,1,564000,12,"2025-06-02 00:00:00","2025-06-02 00:00:00"
"P00803",53,"P","PBPU","Jawa Tengah","RS Tipe C",0,0,0,0,0,0,12,"2025-08-09 00:00:00","2025-08-09 00:00:00"
"P00804",68,"L","PPU","Jawa Timur","Puskesmas",0,0,0,1,0,0,12,"2025-01-03 00:00:00","2025-01-03 00:00:00"
"P00805",44,"L","PBPU","DKI Jakarta","Klinik",0,0,0,0,0,0,12,"2025-07-13 00:00:00","2025-07-13 00:00:00"
"P00807",40,"P","PPU","Jawa Tengah","RS Tipe B",1,0,0,2,1,349000,12,"2025-07-26 00:00:00","2025-07-26 00:00:00"
"P00809",33,"L","PBI","Jawa Tengah","RS Tipe C",0,0,0,0,0,0,12,"2025-07-20 00:00:00","2025-07-20 00:00:00"
"P00810",29,"L","PPU","Banten","Puskesmas",0,0,0,8,6,3998000,12,"2025-01-24 00:00:00","2025-01-24 00:00:00"
"P00812",48,"P","PBI","DKI Jakarta","Klinik",0,0,0,2,2,1324000,12,"2025-06-18 00:00:00","2025-06-18 00:00:00"
"P00813",10,"L","PBPU","Jawa Tengah","Puskesmas",0,0,0,2,0,0,12,"2025-03-21 00:00:00","2025-03-21 00:00:00"
"P00814",39,"P","BP","Jawa Timur","Puskesmas",0,0,0,4,1,829000,12,"2025-11-18 00:00:00","2025-11-18 00:00:00"
"P00816",65,"P","PPU","Jawa Tengah","Puskesmas",0,0,0,2,0,0,12,"2025-01-29 00:00:00","2025-01-29 00:00:00"
"P00817",38,"P","PBI","Jawa Barat","Puskesmas",0,0,0,2,1,514000,12,"2025-08-10 00:00:00","2025-08-10 00:00:00"
"P00818",57,"L","PBPU","Banten","Klinik",1,0,0,3,0,0,6,"2025-09-15 00:00:00","2025-09-15 00:00:00"
"P00819",69,"P","PPU","Jawa Tengah","RS Tipe B",0,0,0,1,0,0,6,"2025-09-11 00:00:00","2025-09-11 00:00:00"
"P00821",51,"L","PPU","Jawa Barat","RS Tipe A",1,0,0,1,0,0,12,"2025-05-28 00:00:00","2025-05-28 00:00:00"
"P00822",41,"L","PPU","DKI Jakarta","Puskesmas",0,0,0,6,3,575000,12,"2025-09-29 00:00:00","2025-09-29 00:00:00"
"P00823",81,"P","PBPU","DKI Jakarta","Puskesmas",0,0,0,1,0,0,6,"2025-09-27 00:00:00","2025-09-27 00:00:00"
"P00825",52,"P","PBI","DKI Jakarta","Puskesmas",0,0,0,0,0,0,12,"2025-08-30 00:00:00","2025-08-30 00:00:00"
"P00826",44,"P","BP","Jawa Barat","Puskesmas",0,0,0,4,2,1959000,12,"2025-07-09 00:00:00","2025-07-09 00:00:00"
"P00827",37,"P","PPU","Banten","RS Tipe B",0,0,0,4,3,1373000,12,"2025-12-30 00:00:00","2025-12-30 00:00:00"
"P00828",33,"L","PPU","DKI Jakarta","RS Tipe C",0,0,0,5,2,109000,9,"2025-10-19 00:00:00","2025-10-19 00:00:00"
"P00829",35,"P","PBI","Jawa Tengah","RS Tipe B",0,0,0,1,1,98000,9,"2025-10-03 00:00:00","2025-10-03 00:00:00"
"P00830",55,"P","PPU","Jawa Barat","Klinik",0,0,0,3,0,0,12,"2025-10-16 00:00:00","2025-10-16 00:00:00"
"P00831",33,"P","PBPU","Jawa Barat","RS Tipe C",0,0,0,2,0,0,6,"2025-10-04 00:00:00","2025-10-04 00:00:00"
"P00832",43,"P","PPU","Jawa Timur","Klinik",1,0,0,0,0,0,6,"2025-12-13 00:00:00","2025-12-13 00:00:00"
"P00833",55,"P","PBPU","Jawa Timur","RS Tipe B",1,1,0,1,0,0,12,"2025-10-03 00:00:00","2025-10-03 00:00:00"
"P00835",36,"L","PPU","Jawa Barat","RS Tipe B",0,0,0,0,0,0,12,"2025-08-11 00:00:00","2025-08-11 00:00:00"
"P00836",27,"P","PPU","DKI Jakarta","Puskesmas",1,0,0,0,0,0,12,"2025-06-03 00:00:00","2025-06-03 00:00:00"
"P00838",33,"L","PPU","Jawa Barat","Puskesmas",1,0,0,1,0,0,12,"2025-08-16 00:00:00","2025-08-16 00:00:00"
"P00839",58,"L","PPU","Jawa Tengah","Klinik",0,0,0,3,0,0,12,"2025-06-25 00:00:00","2025-06-25 00:00:00"
"P00840",54,"P","PPU","Jawa Tengah","Klinik",0,0,0,2,0,0,12,"2025-04-01 00:00:00","2025-04-01 00:00:00"
"P00841",62,"L","PPU","DKI Jakarta","RS Tipe C",0,0,0,4,4,777000,9,"2025-05-04 00:00:00","2025-05-04 00:00:00"
"P00842",44,"P","PBPU","Jawa Tengah","Puskesmas",0,0,0,3,3,713000,9,"2025-08-27 00:00:00","2025-08-27 00:00:00"
"P00843",44,"L","PBI","Jawa Barat","Puskesmas",0,0,0,0,0,0,12,"2025-03-12 00:00:00","2025-03-12 00:00:00"
"P00844",55,"L","PPU","Banten","Klinik",0,0,0,0,0,0,12,"2025-03-09 00:00:00","2025-03-09 00:00:00"
"P00845",51,"L","BP","Banten","RS Tipe B",0,0,0,1,0,0,12,"2025-07-27 00:00:00","2025-07-27 00:00:00"
"P00846",33,"P","PPU","Jawa Barat","Klinik",0,0,0,0,0,0,12,"2025-08-17 00:00:00","2025-08-17 00:00:00"
"P00847",67,"P","PPU","Jawa Barat","Puskesmas",0,0,0,3,3,1056000,12,"2025-12-20 00:00:00","2025-12-20 00:00:00"
"P00848",71,"P","PPU","DKI Jakarta","Klinik",0,0,0,4,3,990000,9,"2025-05-17 00:00:00","2025-05-17 00:00:00"
"P00849",52,"L","PBPU","Jawa Barat","Klinik",0,0,0,2,0,0,12,"2025-06-18 00:00:00","2025-06-18 00:00:00"
"P00851",23,"P","PPU","Sumatera Utara","Puskesmas",0,0,0,3,0,0,12,"2025-10-06 00:00:00","2025-10-06 00:00:00"
"P00852",65,"L","PBPU","DKI Jakarta","Klinik",0,0,0,1,0,0,9,"2025-12-03 00:00:00","2025-12-03 00:00:00"
"P00853",54,"L","PBI","Jawa Tengah","RS Tipe B",1,0,0,1,0,0,12,"2025-10-05 00:00:00","2025-10-05 00:00:00"
"P00854",49,"P","PBPU","Jawa Timur","Puskesmas",0,0,0,3,2,434000,12,"2025-12-28 00:00:00","2025-12-28 00:00:00"
"P00856",47,"P","PBI","DKI Jakarta","RS Tipe C",0,0,0,0,0,0,12,"2025-03-07 00:00:00","2025-03-07 00:00:00"
"P00857",47,"P","PBPU","Jawa Timur","Klinik",0,0,0,1,0,0,12,"2025-11-16 00:00:00","2025-11-16 00:00:00"
"P00858",54,"L","PPU","Jawa Timur","Klinik",0,1,5,3,3,1773000,12,"2025-04-19 00:00:00","2025-04-24 00:00:00"
"P00859",21,"P","PBI","Sumatera Utara","Puskesmas",0,1,5,2,1,1488000,12,"2025-07-23 00:00:00","2025-07-28 00:00:00"
"P00860",72,"L","PBPU","DKI Jakarta","Puskesmas",0,0,0,0,0,0,12,"2025-11-30 00:00:00","2025-11-30 00:00:00"
"P00861",0,"L","PBI","Jawa Timur","Klinik",0,0,0,2,2,269000,12,"2025-06-23 00:00:00","2025-06-23 00:00:00"
"P00862",46,"P","PBI","Jawa Barat","Klinik",1,0,0,3,0,0,12,"2025-03-11 00:00:00","2025-03-11 00:00:00"
"P00863",48,"P","PBI","Sumatera Utara","Puskesmas",0,0,0,0,0,0,12,"2025-06-20 00:00:00","2025-06-20 00:00:00"
"P00864",11,"L","PPU","Jawa Tengah","Puskesmas",0,0,0,1,0,0,12,"2025-03-11 00:00:00","2025-03-11 00:00:00"
"P00865",57,"P","PBPU","Banten","RS Tipe B",0,0,0,2,2,97000,12,"2025-06-14 00:00:00","2025-06-14 00:00:00"
"P00866",52,"P","PPU","Jawa Barat","Puskesmas",0,0,0,2,0,0,12,"2025-12-31 00:00:00","2025-12-31 00:00:00"
"P00867",24,"P","PPU","Jawa Barat","Puskesmas",0,0,0,0,0,0,12,"2025-12-11 00:00:00","2025-12-11 00:00:00"
"P00868",50,"L","PBI","Jawa Tengah","Klinik",0,0,0,0,0,0,12,"2025-06-24 00:00:00","2025-06-24 00:00:00"
"P00869",24,"P","PBPU","DKI Jakarta","RS Tipe C",0,0,0,0,0,0,12,"2025-02-17 00:00:00","2025-02-17 00:00:00"
"P00870",36,"L","PBI","Jawa Barat","Klinik",0,1,4,1,0,0,12,"2025-05-08 00:00:00","2025-05-12 00:00:00"
"P00871",56,"P","PPU","DKI Jakarta","RS Tipe C",1,0,0,6,3,755000,12,"2025-05-30 00:00:00","2025-05-30 00:00:00"
"P00872",26,"L","PBPU","Banten","Puskesmas",0,0,0,5,3,868000,9,"2025-07-03 00:00:00","2025-07-03 00:00:00"
"P00873",29,"P","PBI","Banten","RS Tipe A",0,0,0,0,0,0,12,"2025-05-17 00:00:00","2025-05-17 00:00:00"
"P00874",40,"P","PPU","Jawa Tengah","RS Tipe C",0,0,0,0,0,0,12,"2025-08-27 00:00:00","2025-08-27 00:00:00"
"P00876",14,"L","PBI","Jawa Barat","Puskesmas",0,0,0,0,0,0,12,"2025-06-16 00:00:00","2025-06-16 00:00:00"
"P00877",24,"P","PBPU","Jawa Timur","RS Tipe A",0,0,0,1,0,0,9,"2025-11-29 00:00:00","2025-11-29 00:00:00"
"P00878",31,"L","PBI","Sumatera Utara","RS Tipe C",0,0,0,1,0,0,9,"2025-08-24 00:00:00","2025-08-24 00:00:00"
"P00879",56,"L","PPU","Jawa Barat","Klinik",0,0,0,1,0,0,6,"2025-01-02 00:00:00","2025-01-02 00:00:00"
"P00880",38,"L","PBPU","DKI Jakarta","RS Tipe C",0,0,0,0,0,0,12,"2025-09-13 00:00:00","2025-09-13 00:00:00"
"P00881",35,"L","PPU","DKI Jakarta","RS Tipe A",1,1,7,0,0,0,12,"2025-09-28 00:00:00","2025-10-05 00:00:00"
"P00882",74,"P","PPU","Jawa Tengah","Klinik",0,0,0,2,0,0,12,"2025-11-21 00:00:00","2025-11-21 00:00:00"
"P00883",59,"P","PBI","Jawa Timur","RS Tipe C",0,0,0,3,3,1749000,12,"2025-01-05 00:00:00","2025-01-05 00:00:00"
"P00884",76,"P","PBPU","Jawa Timur","Puskesmas",1,0,0,1,0,0,6,"2025-03-08 00:00:00","2025-03-08 00:00:00"
"P00885",32,"P","PPU","Banten","Klinik",0,0,0,2,0,0,12,"2025-03-29 00:00:00","2025-03-29 00:00:00"
"P00886",53,"L","PPU","Jawa Barat","Puskesmas",0,0,0,1,0,0,12,"2025-11-12 00:00:00","2025-11-12 00:00:00"
"P00887",19,"P","PPU","Banten","RS Tipe B",0,0,0,0,0,0,12,"2025-04-07 00:00:00","2025-04-07 00:00:00"
"P00888",13,"L","PBI","Jawa Barat","Puskesmas",0,0,0,2,2,580000,12,"2025-06-26 00:00:00","2025-06-26 00:00:00"
"P00889",48,"L","PBI","Banten","RS Tipe C",0,0,0,1,0,0,12,"2025-07-17 00:00:00","2025-07-17 00:00:00"
"P00890",57,"L","PBI","DKI Jakarta","Klinik",0,0,0,1,0,0,12,"2025-10-08 00:00:00","2025-10-08 00:00:00"
"P00891",27,"P","PPU","Jawa Barat","RS Tipe B",0,0,0,2,0,0,12,"2025-04-30 00:00:00","2025-04-30 00:00:00"
"P00892",75,"L","PBPU","Sumatera Utara","Puskesmas",0,0,0,0,0,0,12,"2025-10-07 00:00:00","2025-10-07 00:00:00"
"P00893",14,"P","PBPU","Banten","Puskesmas",0,0,0,0,0,0,12,"2025-02-14 00:00:00","2025-02-14 00:00:00"
"P00894",34,"P","PPU","Sumatera Utara","RS Tipe C",0,0,0,1,1,184000,12,"2025-03-07 00:00:00","2025-03-07 00:00:00"
"P00895",45,"L","PBPU","Jawa Tengah","Puskesmas",0,0,0,0,0,0,12,"2025-08-18 00:00:00","2025-08-18 00:00:00"
"P00896",24,"P","PPU","Banten","Puskesmas",0,0,0,4,4,1698000,12,"2025-04-08 00:00:00","2025-04-08 00:00:00"
"P00897",14,"L","PPU","Jawa Tengah","Puskesmas",0,0,0,0,0,0,12,"2025-08-04 00:00:00","2025-08-04 00:00:00"
"P00898",68,"P","BP","Jawa Tengah","Klinik",0,0,0,0,0,0,12,"2025-06-22 00:00:00","2025-06-22 00:00:00"
"P00899",40,"L","PBI","DKI Jakarta","RS Tipe C",0,0,0,0,0,0,12,"2025-11-03 00:00:00","2025-11-03 00:00:00"
"P00902",47,"P","PBI","Jawa Tengah","RS Tipe A",0,0,0,0,0,0,9,"2025-08-27 00:00:00","2025-08-27 00:00:00"
"P00903",47,"P","PPU","Banten","RS Tipe A",0,0,0,2,0,0,12,"2025-03-23 00:00:00","2025-03-23 00:00:00"
"P00904",49,"P","PBPU","Jawa Timur","RS Tipe C",1,1,6,5,4,5557000,12,"2025-01-22 00:00:00","2025-01-28 00:00:00"
"P00905",56,"L","PBPU","DKI Jakarta","RS Tipe C",0,0,0,2,0,0,6,"2025-11-23 00:00:00","2025-11-23 00:00:00"
"P00906",49,"L","PPU","Jawa Tengah","Puskesmas",0,0,0,2,0,0,12,"2025-03-01 00:00:00","2025-03-01 00:00:00"
"P00907",15,"P","PBPU","Jawa Barat","Puskesmas",0,0,0,2,2,450000,12,"2025-10-14 00:00:00","2025-10-14 00:00:00"
"P00908",80,"L","BP","Banten","Klinik",1,0,0,0,0,0,6,"2025-10-15 00:00:00","2025-10-15 00:00:00"
"P00909",24,"P","PBPU","DKI Jakarta","RS Tipe B",0,0,0,0,0,0,12,"2025-03-20 00:00:00","2025-03-20 00:00:00"
"P00911",25,"P","PPU","Banten","RS Tipe B",0,0,0,0,0,0,12,"2025-04-01 00:00:00","2025-04-01 00:00:00"
"P00912",2,"L","PBI","Jawa Tengah","RS Tipe B",0,0,0,1,0,0,12,"2025-11-26 00:00:00","2025-11-26 00:00:00"
"P00913",58,"L","PPU","Sumatera Utara","Puskesmas",1,0,0,1,0,0,12,"2025-12-23 00:00:00","2025-12-23 00:00:00"
"P00914",55,"P","PBPU","Banten","RS Tipe C",0,0,0,1,0,0,12,"2025-09-27 00:00:00","2025-09-27 00:00:00"
"P00915",67,"L","PBPU","Banten","RS Tipe B",1,0,0,2,0,0,6,"2025-05-25 00:00:00","2025-05-25 00:00:00"
"P00916",5,"L","PPU","Sumatera Utara","Puskesmas",0,0,0,0,0,0,6,"2025-02-27 00:00:00","2025-02-27 00:00:00"
"P00919",35,"P","PPU","Jawa Timur","Klinik",0,0,0,0,0,0,12,"2025-11-28 00:00:00","2025-11-28 00:00:00"
"P00920",77,"P","PBPU","Jawa Timur","Puskesmas",0,0,0,4,2,172000,12,"2025-12-30 00:00:00","2025-12-30 00:00:00"
"P00921",0,"P","PBI","Banten","Puskesmas",1,0,0,5,0,0,12,"2025-04-30 00:00:00","2025-04-30 00:00:00"
"P00923",37,"L","PBPU","Jawa Tengah","Klinik",0,0,0,2,0,0,12,"2025-08-02 00:00:00","2025-08-02 00:00:00"
"P00924",50,"P","PPU","Sumatera Utara","Puskesmas",0,0,0,0,0,0,12,"2025-08-05 00:00:00","2025-08-05 00:00:00"
"P00925",16,"L","PBI","Jawa Barat","Klinik",0,0,0,2,1,180000,12,"2025-02-18 00:00:00","2025-02-18 00:00:00"
"P00926",42,"L","PBI","Jawa Barat","Puskesmas",0,0,0,1,0,0,12,"2025-03-25 00:00:00","2025-03-25 00:00:00"
"P00927",47,"P","BP","DKI Jakarta","Klinik",0,1,5,0,0,0,6,"2025-02-09 00:00:00","2025-02-14 00:00:00"
"P00928",48,"L","PBPU","DKI Jakarta","Puskesmas",0,0,0,1,0,0,12,"2025-01-11 00:00:00","2025-01-11 00:00:00"
"P00929",25,"L","BP","Jawa Barat","Klinik",0,0,0,1,0,0,9,"2025-01-22 00:00:00","2025-01-22 00:00:00"
"P00930",67,"L","PBI","DKI Jakarta","RS Tipe C",1,1,3,2,0,0,9,"2025-03-14 00:00:00","2025-03-17 00:00:00"
"P00931",2,"P","PBI","Banten","Puskesmas",0,0,0,1,0,0,12,"2025-06-26 00:00:00","2025-06-26 00:00:00"
"P00932",23,"P","PBI","Jawa Tengah","RS Tipe B",0,0,0,3,0,0,12,"2025-03-22 00:00:00","2025-03-22 00:00:00"
"P00933",41,"L","BP","DKI Jakarta","Klinik",0,0,0,0,0,0,12,"2025-12-26 00:00:00","2025-12-26 00:00:00"
"P00934",42,"P","PBPU","Banten","Klinik",0,0,0,0,0,0,12,"2025-10-25 00:00:00","2025-10-25 00:00:00"
"P00935",32,"P","PBPU","DKI Jakarta","RS Tipe A",0,0,0,2,0,0,12,"2025-01-24 00:00:00","2025-01-24 00:00:00"
"P00936",54,"P","PBPU","Jawa Barat","Puskesmas",0,0,0,3,1,408000,12,"2025-04-26 00:00:00","2025-04-26 00:00:00"
"P00937",75,"P","PBI","DKI Jakarta","Klinik",0,0,0,1,0,0,9,"2025-08-31 00:00:00","2025-08-31 00:00:00"
"P00938",70,"P","PBPU","Jawa Barat","Puskesmas",1,0,0,1,0,0,12,"2025-06-08 00:00:00","2025-06-08 00:00:00"
"P00939",38,"P","PPU","Jawa Tengah","RS Tipe A",0,0,0,1,0,0,12,"2025-12-15 00:00:00","2025-12-15 00:00:00"
"P00940",51,"P","PPU","Jawa Tengah","RS Tipe B",0,0,0,3,3,1491000,9,"2025-03-08 00:00:00","2025-03-08 00:00:00"
"P00941",51,"P","PPU","Jawa Tengah","RS Tipe C",0,0,0,0,0,0,12,"2025-06-01 00:00:00","2025-06-01 00:00:00"
"P00942",42,"P","PBI","Jawa Tengah","Puskesmas",0,0,0,1,0,0,12,"2025-12-03 00:00:00","2025-12-03 00:00:00"
"P00943",21,"P","PBPU","Banten","Puskesmas",0,0,0,1,0,0,12,"2025-07-01 00:00:00","2025-07-01 00:00:00"
"P00944",45,"L","PPU","Sumatera Utara","Klinik",1,0,0,3,2,842000,12,"2025-09-19 00:00:00","2025-09-19 00:00:00"
"P00945",25,"P","PBI","Jawa Tengah","Puskesmas",0,0,0,0,0,0,9,"2025-12-29 00:00:00","2025-12-29 00:00:00"
"P00946",7,"L","PBI","Jawa Timur","RS Tipe B",0,0,0,0,0,0,12,"2025-11-20 00:00:00","2025-11-20 00:00:00"
"P00948",48,"L","PBI","Jawa Timur","RS Tipe C",0,0,0,2,1,587000,12,"2025-11-27 00:00:00","2025-11-27 00:00:00"
"P00949",43,"L","PPU","DKI Jakarta","Puskesmas",0,0,0,0,0,0,12,"2025-12-16 00:00:00","2025-12-16 00:00:00"
"P00950",47,"L","PBI","DKI Jakarta","RS Tipe C",0,0,0,0,0,0,12,"2025-09-24 00:00:00","2025-09-24 00:00:00"
"P00951",31,"L","PBI","Banten","RS Tipe C",0,0,0,1,0,0,9,"2025-05-29 00:00:00","2025-05-29 00:00:00"
"P00952",52,"P","PPU","Banten","Puskesmas",0,0,0,2,0,0,12,"2025-10-29 00:00:00","2025-10-29 00:00:00"
"P00954",22,"L","PPU","Jawa Barat","RS Tipe C",0,0,0,2,1,234000,12,"2025-02-08 00:00:00","2025-02-08 00:00:00"
"P00955",36,"P","PPU","Jawa Barat","RS Tipe A",0,0,0,2,0,0,12,"2025-09-15 00:00:00","2025-09-15 00:00:00"
"P00956",69,"L","PBI","Sumatera Utara","Puskesmas",1,0,0,1,0,0,12,"2025-07-15 00:00:00","2025-07-15 00:00:00"
"P00959",48,"P","PPU","Sumatera Utara","RS Tipe B",0,0,0,0,0,0,12,"2025-12-24 00:00:00","2025-12-24 00:00:00"
"P00960",39,"L","PBI","Jawa Barat","RS Tipe C",0,0,0,2,0,0,12,"2025-11-12 00:00:00","2025-11-12 00:00:00"
"P00961",66,"P","PBPU","Jawa Timur","Puskesmas",0,0,0,1,1,209000,12,"2025-08-22 00:00:00","2025-08-22 00:00:00"
"P00962",17,"P","PPU","Jawa Tengah","RS Tipe C",0,0,0,0,0,0,12,"2025-10-05 00:00:00","2025-10-05 00:00:00"
"P00963",66,"P","PBI","DKI Jakarta","Klinik",0,0,0,0,0,0,12,"2025-07-15 00:00:00","2025-07-15 00:00:00"
"P00964",29,"L","BP","Jawa Timur","RS Tipe C",0,0,0,1,0,0,12,"2025-02-24 00:00:00","2025-02-24 00:00:00"
"P00966",18,"P","PBI","Banten","RS Tipe A",0,0,0,0,0,0,12,"2025-03-06 00:00:00","2025-03-06 00:00:00"
"P00967",60,"L","PPU","Jawa Barat","Puskesmas",0,0,0,0,0,0,9,"2025-09-15 00:00:00","2025-09-15 00:00:00"
"P00969",59,"L","PBI","Sumatera Utara","RS Tipe A",0,0,0,0,0,0,12,"2025-03-29 00:00:00","2025-03-29 00:00:00"
"P00970",39,"P","BP","Jawa Barat","Puskesmas",0,0,0,1,0,0,12,"2025-02-01 00:00:00","2025-02-01 00:00:00"
"P00971",47,"P","PPU","DKI Jakarta","Puskesmas",0,0,0,0,0,0,12,"2025-10-11 00:00:00","2025-10-11 00:00:00"
"P00972",69,"L","PPU","Jawa Barat","Puskesmas",1,0,0,2,1,389000,12,"2025-09-22 00:00:00","2025-09-22 00:00:00"
"P00973",21,"P","PBPU","Sumatera Utara","RS Tipe B",0,0,0,0,0,0,12,"2025-04-15 00:00:00","2025-04-15 00:00:00"
"P00974",62,"L","PBI","DKI Jakarta","RS Tipe C",0,0,0,1,0,0,12,"2025-06-03 00:00:00","2025-06-03 00:00:00"
"P00975",28,"L","PPU","Jawa Tengah","Klinik",0,0,0,0,0,0,12,"2025-03-23 00:00:00","2025-03-23 00:00:00"
"P00976",32,"P","PBI","Sumatera Utara","Puskesmas",0,0,0,0,0,0,6,"2025-01-13 00:00:00","2025-01-13 00:00:00"
"P00977",57,"L","PBPU","Jawa Tengah","Puskesmas",1,0,0,0,0,0,12,"2025-03-08 00:00:00","2025-03-08 00:00:00"
"P00978",6,"L","PBI","Sumatera Utara","Puskesmas",0,0,0,1,0,0,12,"2025-04-21 00:00:00","2025-04-21 00:00:00"
"P00979",31,"L","PBI","DKI Jakarta","RS Tipe C",0,0,0,1,0,0,12,"2025-04-10 00:00:00","2025-04-10 00:00:00"
"P00980",28,"P","BP","Sumatera Utara","RS Tipe B",0,0,0,5,4,1621000,6,"2025-09-18 00:00:00","2025-09-18 00:00:00"
"P00981",46,"L","PBI","DKI Jakarta","Puskesmas",0,0,0,0,0,0,12,"2025-11-15 00:00:00","2025-11-15 00:00:00"
"P00982",31,"L","PPU","DKI Jakarta","Klinik",0,0,0,1,0,0,12,"2025-01-23 00:00:00","2025-01-23 00:00:00"
"P00983",48,"P","PBI","DKI Jakarta","RS Tipe B",0,1,4,4,4,1807000,12,"2025-01-16 00:00:00","2025-01-20 00:00:00"
"P00984",51,"P","PBI","Jawa Tengah","RS Tipe B",0,0,0,0,0,0,12,"2025-11-30 00:00:00","2025-11-30 00:00:00"
"P00985",23,"P","PPU","Jawa Timur","RS Tipe C",0,0,0,1,1,245000,12,"2025-03-11 00:00:00","2025-03-11 00:00:00"
"P00986",32,"P","PPU","DKI Jakarta","Klinik",0,0,0,0,0,0,9,"2025-09-07 00:00:00","2025-09-07 00:00:00"
"P00987",9,"L","PPU","Jawa Barat","Puskesmas",0,0,0,1,0,0,9,"2025-12-02 00:00:00","2025-12-02 00:00:00"
"P00988",14,"P","BP","DKI Jakarta","Puskesmas",0,0,0,2,1,459000,12,"2025-04-27 00:00:00","2025-04-27 00:00:00"
"P00989",45,"L","PBPU","Jawa Timur","RS Tipe A",0,0,0,3,2,227000,12,"2025-04-30 00:00:00","2025-04-30 00:00:00"
"P00990",61,"P","BP","Jawa Barat","RS Tipe A",0,0,0,1,0,0,6,"2025-10-25 00:00:00","2025-10-25 00:00:00"
"P00991",70,"P","PBI","Jawa Tengah","RS Tipe C",0,0,0,4,3,1673000,12,"2025-08-31 00:00:00","2025-08-31 00:00:00"
"P00992",67,"L","PPU","DKI Jakarta","Puskesmas",1,0,0,1,0,0,12,"2025-09-24 00:00:00","2025-09-24 00:00:00"
"P00993",55,"L","PBI","DKI Jakarta","Klinik",0,0,0,3,2,627000,12,"2025-02-20 00:00:00","2025-02-20 00:00:00"
"P00995",49,"P","PBPU","Banten","Puskesmas",0,0,0,0,0,0,6,"2025-05-05 00:00:00","2025-05-05 00:00:00"
"P00996",66,"L","BP","DKI Jakarta","Puskesmas",1,0,0,6,1,595000,12,"2025-11-04 00:00:00","2025-11-04 00:00:00"
"P00997",54,"P","PPU","Sumatera Utara","RS Tipe C",0,0,0,3,1,459000,12,"2025-10-22 00:00:00","2025-10-22 00:00:00"
"P00998",41,"L","PPU","Jawa Timur","Puskesmas",0,0,0,0,0,0,12,"2025-06-11 00:00:00","2025-06-11 00:00:00"
"P00999",53,"P","PBPU","Jawa Barat","Puskesmas",0,0,0,4,4,3066000,12,"2025-07-29 00:00:00","2025-07-29 00:00:00"
"P01000",40,"L","PPU","DKI Jakarta","Puskesmas",0,0,0,1,0,0,12,"2025-03-15 00:00:00","2025-03-15 00:00:00"
"P01001",14,"P","PPU","Jawa Barat","RS Tipe C",0,0,0,1,0,0,12,"2025-08-19 00:00:00","2025-08-19 00:00:00"
"P01002",23,"P","PBPU","Jawa Timur","Puskesmas",0,0,0,2,2,389000,12,"2025-06-26 00:00:00","2025-06-26 00:00:00"
"P01003",41,"P","PPU","Jawa Barat","RS Tipe B",0,0,0,2,2,206000,12,"2025-06-26 00:00:00","2025-06-26 00:00:00"
"P01004",53,"L","PPU","Jawa Timur","Puskesmas",0,0,0,1,0,0,12,"2025-07-02 00:00:00","2025-07-02 00:00:00"
"P01005",50,"P","PBI","Jawa Barat","Klinik",0,0,0,2,0,0,12,"2025-02-07 00:00:00","2025-02-07 00:00:00"
"P01008",81,"L","BP","Sumatera Utara","Klinik",0,0,0,1,0,0,9,"2025-10-23 00:00:00","2025-10-23 00:00:00"
"P01010",44,"P","BP","DKI Jakarta","RS Tipe C",0,0,0,0,0,0,9,"2025-10-04 00:00:00","2025-10-04 00:00:00"
"P01011",41,"P","PPU","Sumatera Utara","Klinik",0,0,0,0,0,0,12,"2025-03-03 00:00:00","2025-03-03 00:00:00"
"P01012",9,"L","PBI","Jawa Barat","RS Tipe B",0,0,0,1,0,0,12,"2025-02-01 00:00:00","2025-02-01 00:00:00"
"P01013",78,"P","PPU","DKI Jakarta","Klinik",0,0,0,1,0,0,9,"2025-10-26 00:00:00","2025-10-26 00:00:00"
"P01014",53,"L","PBI","Banten","RS Tipe A",0,0,0,0,0,0,12,"2025-10-16 00:00:00","2025-10-16 00:00:00"
"P01015",56,"P","PBI","Jawa Tengah","RS Tipe B",0,0,0,0,0,0,12,"2025-05-03 00:00:00","2025-05-03 00:00:00"
"P01016",21,"P","PBI","DKI Jakarta","Klinik",0,0,0,0,0,0,12,"2025-09-24 00:00:00","2025-09-24 00:00:00"
"P01018",58,"L","PPU","Jawa Barat","Klinik",0,0,0,0,0,0,12,"2025-10-31 00:00:00","2025-10-31 00:00:00"
"P01019",45,"L","PPU","Banten","Klinik",0,0,0,3,1,668000,12,"2025-04-26 00:00:00","2025-04-26 00:00:00"
"P01020",46,"P","PPU","Banten","RS Tipe B",0,0,0,0,0,0,12,"2025-03-28 00:00:00","2025-03-28 00:00:00"
"P01022",14,"L","PBI","DKI Jakarta","RS Tipe B",0,0,0,2,0,0,6,"2025-12-23 00:00:00","2025-12-23 00:00:00"
"P01023",38,"L","PPU","Sumatera Utara","Puskesmas",0,0,0,3,3,2046000,12,"2025-11-22 00:00:00","2025-11-22 00:00:00"
"P01024",21,"L","PPU","Jawa Barat","RS Tipe C",0,1,5,2,0,0,12,"2025-10-02 00:00:00","2025-10-07 00:00:00"
"P01025",21,"L","PBI","Banten","RS Tipe C",1,0,0,0,0,0,6,"2025-09-12 00:00:00","2025-09-12 00:00:00"
"P01026",22,"P","PPU","Sumatera Utara","RS Tipe C",0,0,0,2,0,0,12,"2025-09-15 00:00:00","2025-09-15 00:00:00"
"P01027",42,"P","PPU","Jawa Barat","Klinik",0,0,0,1,0,0,12,"2025-02-25 00:00:00","2025-02-25 00:00:00"
"P01028",49,"L","PPU","DKI Jakarta","RS Tipe B",0,0,0,1,0,0,12,"2025-03-07 00:00:00","2025-03-07 00:00:00"
"P01029",47,"P","PBI","Jawa Timur","Puskesmas",0,0,0,1,0,0,9,"2025-03-27 00:00:00","2025-03-27 00:00:00"
"P01030",27,"L","PPU","Sumatera Utara","Puskesmas",0,0,0,0,0,0,9,"2025-12-03 00:00:00","2025-12-03 00:00:00"
"P01031",40,"P","PPU","Jawa Tengah","RS Tipe B",1,0,0,1,0,0,12,"2025-12-07 00:00:00","2025-12-07 00:00:00"
"P01032",47,"L","PPU","Banten","RS Tipe C",0,0,0,1,0,0,12,"2025-12-04 00:00:00","2025-12-04 00:00:00"
"P01033",38,"L","PPU","DKI Jakarta","RS Tipe A",0,0,0,1,0,0,12,"2025-12-15 00:00:00","2025-12-15 00:00:00"
"P01034",6,"L","PBPU","DKI Jakarta","RS Tipe C",0,0,0,4,4,1675000,6,"2025-10-20 00:00:00","2025-10-20 00:00:00"
"P01035",22,"P","PPU","Jawa Tengah","Puskesmas",1,0,0,0,0,0,6,"2025-06-20 00:00:00","2025-06-20 00:00:00"
"P01036",31,"P","PPU","DKI Jakarta","RS Tipe C",0,0,0,1,0,0,6,"2025-01-19 00:00:00","2025-01-19 00:00:00"
"P01037",25,"L","PPU","Jawa Tengah","RS Tipe C",0,0,0,1,0,0,6,"2025-06-30 00:00:00","2025-06-30 00:00:00"
"P01038",29,"L","PBI","Jawa Tengah","Puskesmas",0,0,0,3,3,3698000,12,"2025-02-11 00:00:00","2025-02-11 00:00:00"
"P01039",33,"L","PBPU","Sumatera Utara","RS Tipe C",0,0,0,3,2,685000,9,"2025-03-14 00:00:00","2025-03-14 00:00:00"
"P01040",45,"P","PPU","DKI Jakarta","RS Tipe C",0,0,0,4,2,1063000,12,"2025-09-20 00:00:00","2025-09-20 00:00:00"
"P01041",45,"L","PBPU","Banten","Puskesmas",0,0,0,2,0,0,12,"2025-11-10 00:00:00","2025-11-10 00:00:00"
"P01042",50,"L","PBI","DKI Jakarta","RS Tipe C",0,0,0,2,0,0,12,"2025-10-07 00:00:00","2025-10-07 00:00:00"
"P01043",57,"L","PBI","Jawa Tengah","RS Tipe B",0,0,0,0,0,0,6,"2025-07-12 00:00:00","2025-07-12 00:00:00"
"P01044",42,"L","PPU","DKI Jakarta","Puskesmas",0,0,0,3,2,1188000,12,"2025-10-01 00:00:00","2025-10-01 00:00:00"
"P01045",38,"P","PBI","DKI Jakarta","Puskesmas",0,0,0,0,0,0,12,"2025-03-05 00:00:00","2025-03-05 00:00:00"
"P01046",16,"L","PBI","DKI Jakarta","RS Tipe C",0,0,0,2,0,0,12,"2025-06-13 00:00:00","2025-06-13 00:00:00"
"P01049",57,"L","PBI","Jawa Barat","Puskesmas",0,0,0,0,0,0,6,"2025-10-22 00:00:00","2025-10-22 00:00:00"
"P01050",54,"L","PBPU","Jawa Tengah","Klinik",0,0,0,1,0,0,12,"2025-02-02 00:00:00","2025-02-02 00:00:00"
"P01051",30,"P","PPU","Jawa Barat","Puskesmas",0,0,0,1,0,0,12,"2025-01-22 00:00:00","2025-01-22 00:00:00"
"P01052",56,"L","PBI","Sumatera Utara","Klinik",0,0,0,1,0,0,12,"2025-02-07 00:00:00","2025-02-07 00:00:00"
"P01053",64,"P","PBPU","Banten","RS Tipe C",0,0,0,2,0,0,9,"2025-05-09 00:00:00","2025-05-09 00:00:00"
"P01054",36,"L","PBI","Banten","Puskesmas",0,0,0,0,0,0,12,"2025-10-22 00:00:00","2025-10-22 00:00:00"
"P01056",28,"L","PBPU","DKI Jakarta","Puskesmas",0,0,0,2,0,0,6,"2025-07-22 00:00:00","2025-07-22 00:00:00"
"P01057",40,"P","PPU","Jawa Barat","Klinik",0,0,0,1,1,373000,12,"2025-10-11 00:00:00","2025-10-11 00:00:00"
"P01061",46,"P","PBPU","Jawa Barat","RS Tipe A",0,1,6,1,1,959000,12,"2025-09-23 00:00:00","2025-09-29 00:00:00"
"P01062",27,"P","PPU","Jawa Timur","RS Tipe C",0,0,0,0,0,0,12,"2025-11-17 00:00:00","2025-11-17 00:00:00"
"P01063",48,"L","PBI","Jawa Barat","Puskesmas",1,0,0,6,4,404000,12,"2025-02-12 00:00:00","2025-02-12 00:00:00"
"P01064",54,"L","PBI","Banten","RS Tipe B",0,0,0,3,2,1066000,12,"2025-12-12 00:00:00","2025-12-12 00:00:00"
"P01065",50,"P","PBPU","Jawa Tengah","RS Tipe B",0,0,0,1,0,0,12,"2025-09-08 00:00:00","2025-09-08 00:00:00"
"P01066",69,"L","PBPU","Jawa Barat","RS Tipe B",0,0,0,1,0,0,12,"2025-08-01 00:00:00","2025-08-01 00:00:00"
"P01068",58,"L","BP","Jawa Barat","RS Tipe C",0,0,0,0,0,0,6,"2025-04-15 00:00:00","2025-04-15 00:00:00"
"P01069",77,"P","PPU","Jawa Tengah","Puskesmas",1,0,0,6,4,1320000,12,"2025-05-12 00:00:00","2025-05-12 00:00:00"
"P01070",25,"L","PPU","DKI Jakarta","Puskesmas",0,0,0,2,0,0,12,"2025-10-10 00:00:00","2025-10-10 00:00:00"
"P01071",12,"P","PBI","DKI Jakarta","RS Tipe A",0,0,0,3,3,287000,12,"2025-02-21 00:00:00","2025-02-21 00:00:00"
"P01072",69,"L","PBI","DKI Jakarta","RS Tipe C",0,0,0,3,2,653000,12,"2025-11-14 00:00:00","2025-11-14 00:00:00"
"P01073",20,"P","PPU","Jawa Timur","Klinik",0,0,0,3,3,1313000,12,"2025-12-07 00:00:00","2025-12-07 00:00:00"
"P01074",54,"L","PBI","DKI Jakarta","Puskesmas",0,0,0,6,5,3022000,12,"2025-10-09 00:00:00","2025-10-09 00:00:00"
"P01077",45,"P","PBPU","Jawa Timur","RS Tipe A",0,0,0,1,0,0,12,"2025-08-23 00:00:00","2025-08-23 00:00:00"
"P01078",42,"L","PBI","DKI Jakarta","RS Tipe B",0,0,0,1,0,0,12,"2025-04-21 00:00:00","2025-04-21 00:00:00"
"P01079",59,"L","PPU","Jawa Tengah","RS Tipe C",1,0,0,2,0,0,12,"2025-06-19 00:00:00","2025-06-19 00:00:00"
"P01080",40,"P","PPU","Jawa Timur","RS Tipe C",0,0,0,2,1,170000,12,"2025-04-20 00:00:00","2025-04-20 00:00:00"
"P01081",64,"L","PPU","DKI Jakarta","RS Tipe A",0,0,0,0,0,0,12,"2025-07-20 00:00:00","2025-07-20 00:00:00"
"P01082",83,"L","PBPU","Jawa Tengah","Puskesmas",0,0,0,0,0,0,12,"2025-11-08 00:00:00","2025-11-08 00:00:00"
"P01083",37,"P","PPU","DKI Jakarta","Puskesmas",0,0,0,1,0,0,12,"2025-11-28 00:00:00","2025-11-28 00:00:00"
"P01084",7,"P","PBPU","Jawa Barat","RS Tipe C",0,0,0,2,1,190000,12,"2025-12-21 00:00:00","2025-12-21 00:00:00"
"P01085",28,"P","PPU","DKI Jakarta","Klinik",0,0,0,1,0,0,12,"2025-09-20 00:00:00","2025-09-20 00:00:00"
"P01086",48,"P","PBPU","Banten","RS Tipe C",0,0,0,1,0,0,12,"2025-02-26 00:00:00","2025-02-26 00:00:00"
"P01087",47,"L","PBI","Jawa Barat","RS Tipe B",0,1,1,1,0,0,9,"2025-01-03 00:00:00","2025-01-04 00:00:00"
"P01088",46,"L","PBPU","Jawa Tengah","RS Tipe A",1,0,0,6,2,586000,12,"2025-04-15 00:00:00","2025-04-15 00:00:00"
"P01089",25,"L","BP","Jawa Tengah","RS Tipe A",1,0,0,1,0,0,12,"2025-03-03 00:00:00","2025-03-03 00:00:00"
"P01090",33,"P","PPU","Jawa Barat","RS Tipe A",1,0,0,5,3,1053000,6,"2025-04-13 00:00:00","2025-04-13 00:00:00"
"P01091",55,"L","PPU","DKI Jakarta","Puskesmas",0,0,0,1,0,0,12,"2025-07-09 00:00:00","2025-07-09 00:00:00"
"P01092",64,"L","PPU","Jawa Timur","RS Tipe B",0,0,0,0,0,0,12,"2025-06-16 00:00:00","2025-06-16 00:00:00"
"P01093",37,"P","PPU","DKI Jakarta","RS Tipe B",0,0,0,0,0,0,12,"2025-01-29 00:00:00","2025-01-29 00:00:00"
"P01094",17,"L","PPU","DKI Jakarta","Klinik",0,0,0,3,1,361000,12,"2025-01-26 00:00:00","2025-01-26 00:00:00"
"P01095",40,"L","PPU","Jawa Tengah","RS Tipe B",0,0,0,1,0,0,12,"2025-03-03 00:00:00","2025-03-03 00:00:00"
"P01096",37,"P","PBPU","Jawa Tengah","Puskesmas",0,0,0,1,1,239000,12,"2025-10-27 00:00:00","2025-10-27 00:00:00"
"P01097",42,"P","PPU","Jawa Barat","RS Tipe C",0,0,0,0,0,0,12,"2025-06-29 00:00:00","2025-06-29 00:00:00"
"P01098",34,"L","PPU","Banten","RS Tipe C",0,1,4,2,0,0,6,"2025-05-30 00:00:00","2025-06-03 00:00:00"
"P01100",21,"L","PBPU","Jawa Timur","Klinik",0,0,0,1,0,0,12,"2025-06-20 00:00:00","2025-06-20 00:00:00"
"P01101",6,"P","PPU","Banten","Puskesmas",0,0,0,3,2,1825000,12,"2025-01-14 00:00:00","2025-01-14 00:00:00"
"P01102",90,"P","PPU","DKI Jakarta","RS Tipe B",0,0,0,1,0,0,12,"2025-10-10 00:00:00","2025-10-10 00:00:00"
"P01103",18,"P","PPU","Sumatera Utara","Klinik",0,0,0,3,1,172000,12,"2025-04-16 00:00:00","2025-04-16 00:00:00"
"P01104",43,"P","PBPU","Sumatera Utara","Klinik",0,0,0,0,0,0,9,"2025-11-26 00:00:00","2025-11-26 00:00:00"
"P01105",30,"P","PPU","Jawa Tengah","Puskesmas",0,0,0,1,0,0,12,"2025-07-03 00:00:00","2025-07-03 00:00:00"
"P01106",24,"L","PPU","DKI Jakarta","RS Tipe C",0,0,0,0,0,0,12,"2025-11-29 00:00:00","2025-11-29 00:00:00"
"P01107",57,"L","PBPU","Jawa Barat","RS Tipe B",0,0,0,1,0,0,6,"2025-06-07 00:00:00","2025-06-07 00:00:00"
"P01108",54,"L","PPU","Jawa Tengah","RS Tipe A",0,0,0,1,0,0,9,"2025-01-08 00:00:00","2025-01-08 00:00:00"
"P01109",49,"P","PPU","DKI Jakarta","Klinik",0,0,0,2,0,0,12,"2025-02-16 00:00:00","2025-02-16 00:00:00"
"P01110",78,"P","PPU","Banten","RS Tipe C",0,0,0,1,0,0,12,"2025-02-10 00:00:00","2025-02-10 00:00:00"
"P01111",57,"P","BP","Jawa Timur","RS Tipe B",0,0,0,1,0,0,6,"2025-05-04 00:00:00","2025-05-04 00:00:00"
"P01112",53,"P","PBPU","Jawa Tengah","RS Tipe B",0,0,0,3,0,0,9,"2025-02-20 00:00:00","2025-02-20 00:00:00"
"P01113",48,"L","PBPU","Jawa Tengah","RS Tipe A",0,0,0,1,1,167000,12,"2025-05-08 00:00:00","2025-05-08 00:00:00"
"P01114",90,"L","PBPU","DKI Jakarta","RS Tipe A",0,1,6,1,0,0,12,"2025-02-20 00:00:00","2025-02-26 00:00:00"
"P01115",11,"L","PPU","Jawa Barat","Klinik",0,0,0,0,0,0,12,"2025-08-20 00:00:00","2025-08-20 00:00:00"
"P01116",42,"L","PBPU","Jawa Tengah","RS Tipe C",1,0,0,1,0,0,12,"2025-05-20 00:00:00","2025-05-20 00:00:00"
"P01117",37,"L","PPU","Jawa Barat","RS Tipe B",0,0,0,4,4,3255000,12,"2025-08-11 00:00:00","2025-08-11 00:00:00"
"P01118",75,"L","PBPU","Jawa Barat","Klinik",0,0,0,1,0,0,12,"2025-12-20 00:00:00","2025-12-20 00:00:00"
"P01119",40,"L","PBI","DKI Jakarta","RS Tipe C",0,0,0,0,0,0,12,"2025-01-01 00:00:00","2025-01-01 00:00:00"
"P01121",33,"P","PBPU","Banten","Klinik",0,0,0,2,1,401000,12,"2025-11-18 00:00:00","2025-11-18 00:00:00"
"P01122",64,"L","PBI","Jawa Barat","RS Tipe A",0,0,0,1,0,0,12,"2025-02-18 00:00:00","2025-02-18 00:00:00"
"P01123",29,"P","PPU","DKI Jakarta","RS Tipe C",0,0,0,3,1,359000,12,"2025-03-13 00:00:00","2025-03-13 00:00:00"
"P01124",68,"L","PPU","Jawa Barat","Puskesmas",0,0,0,0,0,0,9,"2025-10-08 00:00:00","2025-10-08 00:00:00"
"P01125",31,"L","PPU","Jawa Timur","RS Tipe B",0,0,0,3,3,1104000,12,"2025-08-11 00:00:00","2025-08-11 00:00:00"
"P01126",17,"L","PBI","Sumatera Utara","Klinik",0,0,0,2,0,0,12,"2025-05-11 00:00:00","2025-05-11 00:00:00"
"P01127",58,"P","PPU","Sumatera Utara","RS Tipe C",0,0,0,0,0,0,6,"2025-09-01 00:00:00","2025-09-01 00:00:00"
"P01128",51,"P","BP","Jawa Timur","Klinik",0,0,0,0,0,0,12,"2025-12-02 00:00:00","2025-12-02 00:00:00"
"P01129",25,"L","BP","Jawa Barat","RS Tipe C",0,0,0,3,3,897000,12,"2025-08-25 00:00:00","2025-08-25 00:00:00"
"P01130",35,"L","PBPU","DKI Jakarta","Puskesmas",0,0,0,4,3,982000,6,"2025-07-25 00:00:00","2025-07-25 00:00:00"
"P01132",52,"P","PPU","Jawa Tengah","RS Tipe C",0,0,0,1,0,0,12,"2025-03-09 00:00:00","2025-03-09 00:00:00"
"P01133",45,"P","PBI","Jawa Tengah","RS Tipe C",0,0,0,4,4,1797000,12,"2025-10-26 00:00:00","2025-10-26 00:00:00"
"P01137",51,"P","PPU","DKI Jakarta","Puskesmas",0,0,0,2,1,136000,12,"2025-07-25 00:00:00","2025-07-25 00:00:00"
"P01138",58,"L","BP","Jawa Tengah","RS Tipe C",0,0,0,1,0,0,12,"2025-08-28 00:00:00","2025-08-28 00:00:00"
"P01139",49,"P","PPU","Jawa Barat","RS Tipe B",0,0,0,0,0,0,12,"2025-01-23 00:00:00","2025-01-23 00:00:00"
"P01141",28,"P","PPU","Jawa Timur","RS Tipe C",0,0,0,0,0,0,12,"2025-04-09 00:00:00","2025-04-09 00:00:00"
"P01142",28,"P","PBPU","Banten","Puskesmas",0,0,0,3,2,122000,12,"2025-10-07 00:00:00","2025-10-07 00:00:00"
"P01143",27,"P","PBI","Jawa Timur","Puskesmas",0,0,0,1,0,0,12,"2025-12-08 00:00:00","2025-12-08 00:00:00"
"P01144",34,"L","PBI","DKI Jakarta","Klinik",0,0,0,2,2,349000,6,"2025-01-18 00:00:00","2025-01-18 00:00:00"
"P01145",16,"L","PPU","DKI Jakarta","Puskesmas",0,0,0,0,0,0,9,"2025-12-16 00:00:00","2025-12-16 00:00:00"
"P01147",55,"P","PPU","Jawa Tengah","Klinik",0,0,0,1,0,0,12,"2025-08-13 00:00:00","2025-08-13 00:00:00"
"P01148",24,"L","PBI","Jawa Tengah","Puskesmas",0,0,0,0,0,0,12,"2025-11-21 00:00:00","2025-11-21 00:00:00"
"P01149",34,"P","PBPU","Jawa Timur","Puskesmas",0,0,0,2,0,0,12,"2025-05-05 00:00:00","2025-05-05 00:00:00"
"P01150",59,"L","PPU","Banten","Klinik",0,0,0,1,1,212000,9,"2025-03-28 00:00:00","2025-03-28 00:00:00"
"P01151",65,"L","PBI","DKI Jakarta","Puskesmas",0,0,0,1,0,0,6,"2025-11-06 00:00:00","2025-11-06 00:00:00"
"P01152",60,"L","PPU","DKI Jakarta","Klinik",1,0,0,0,0,0,12,"2025-06-04 00:00:00","2025-06-04 00:00:00"
"P01153",90,"L","PPU","DKI Jakarta","RS Tipe A",0,0,0,2,1,192000,9,"2025-04-03 00:00:00","2025-04-03 00:00:00"
"P01154",18,"L","PBI","Sumatera Utara","Puskesmas",0,0,0,0,0,0,12,"2025-08-04 00:00:00","2025-08-04 00:00:00"
"P01156",13,"L","PPU","Jawa Timur","Puskesmas",0,1,0,4,2,373000,12,"2025-01-03 00:00:00","2025-01-03 00:00:00"
"P01158",45,"P","PBI","DKI Jakarta","RS Tipe B",0,0,0,2,2,216000,12,"2025-01-22 00:00:00","2025-01-22 00:00:00"
"P01159",31,"L","PBI","Jawa Barat","Klinik",0,0,0,0,0,0,12,"2025-07-31 00:00:00","2025-07-31 00:00:00"
"P01160",32,"P","PBI","DKI Jakarta","RS Tipe C",0,0,0,0,0,0,12,"2025-02-11 00:00:00","2025-02-11 00:00:00"
"P01161",35,"L","PPU","Jawa Timur","Puskesmas",0,0,0,1,0,0,12,"2025-05-19 00:00:00","2025-05-19 00:00:00"
"P01162",47,"L","PBI","Jawa Timur","RS Tipe C",0,0,0,4,3,214000,12,"2025-06-22 00:00:00","2025-06-22 00:00:00"
"P01164",43,"L","PBI","Jawa Timur","Puskesmas",0,0,0,5,5,1483000,12,"2025-05-25 00:00:00","2025-05-25 00:00:00"
"P01165",20,"L","PBPU","Jawa Barat","Puskesmas",0,1,4,4,4,105000,12,"2025-11-27 00:00:00","2025-12-01 00:00:00"
"P01166",41,"L","PPU","Jawa Tengah","Klinik",0,0,0,2,0,0,12,"2025-06-08 00:00:00","2025-06-08 00:00:00"
"P01167",56,"P","PPU","DKI Jakarta","RS Tipe C",0,0,0,1,0,0,12,"2025-04-04 00:00:00","2025-04-04 00:00:00"
"P01168",63,"P","PBPU","Jawa Tengah","RS Tipe A",0,0,0,2,2,251000,9,"2025-01-28 00:00:00","2025-01-28 00:00:00"
"P01169",33,"P","PBI","Banten","RS Tipe C",0,0,0,0,0,0,12,"2025-09-15 00:00:00","2025-09-15 00:00:00"
"P01170",45,"P","PBI","DKI Jakarta","Puskesmas",0,1,2,1,0,0,12,"2025-06-17 00:00:00","2025-06-19 00:00:00"
"P01172",32,"L","PBPU","Jawa Timur","RS Tipe C",0,0,0,2,0,0,12,"2025-10-03 00:00:00","2025-10-03 00:00:00"
"P01173",0,"P","PBPU","Jawa Timur","Puskesmas",0,0,0,3,3,685000,12,"2025-08-23 00:00:00","2025-08-23 00:00:00"
"P01174",36,"L","PBI","Banten","RS Tipe B",0,0,0,2,0,0,12,"2025-01-01 00:00:00","2025-01-01 00:00:00"
"P01175",0,"P","PPU","DKI Jakarta","RS Tipe C",0,0,0,0,0,0,12,"2025-01-18 00:00:00","2025-01-18 00:00:00"
"P01176",27,"L","PBI","Banten","Klinik",1,0,0,1,0,0,12,"2025-10-09 00:00:00","2025-10-09 00:00:00"
"P01177",71,"L","PPU","Jawa Barat","Klinik",1,0,0,1,0,0,12,"2025-07-19 00:00:00","2025-07-19 00:00:00"
"P01179",34,"P","PBPU","Jawa Tengah","Puskesmas",0,0,0,3,3,415000,9,"2025-09-28 00:00:00","2025-09-28 00:00:00"
"P01180",36,"L","PPU","Banten","Klinik",0,0,0,2,0,0,9,"2025-01-28 00:00:00","2025-01-28 00:00:00"
"P01181",12,"L","PBPU","DKI Jakarta","Puskesmas",0,0,0,1,0,0,12,"2025-01-29 00:00:00","2025-01-29 00:00:00"
"P01183",62,"P","PBI","Jawa Timur","RS Tipe C",0,0,0,3,2,1240000,12,"2025-01-15 00:00:00","2025-01-15 00:00:00"
"P01196",36,"P","PBI","Jawa Timur","RS Tipe B",0,0,0,1,0,0,9,"2025-10-10 00:00:00","2025-10-10 00:00:00"
"P01197",32,"P","PPU","Jawa Barat","Puskesmas",0,0,0,0,0,0,12,"2025-09-16 00:00:00","2025-09-16 00:00:00"
"P01198",49,"P","PBI","Jawa Barat","RS Tipe C",0,0,0,2,2,460000,12,"2025-10-05 00:00:00","2025-10-05 00:00:00"
"P01200",41,"L","PBI","DKI Jakarta","Puskesmas",0,0,0,1,0,0,12,"2025-11-30 00:00:00","2025-11-30 00:00:00"
"P00891",27,"P","PPU","Jawa Barat","RS Tipe B",0,0,0,2,0,0,12,"2025-11-30 00:00:00","2025-11-30 00:00:00"
"P00324",26,"L","BP","Jawa Barat","RS Tipe B",1,0,0,0,0,0,12,"2025-08-21 00:00:00","2025-08-21 00:00:00"
"P01054",36,"L","PBI","Banten","Puskesmas",0,0,0,0,0,0,12,"2025-03-16 00:00:00","2025-03-16 00:00:00"
"P00085",21,"P","PBI","Banten","Puskesmas",0,0,0,2,0,0,12,"2025-04-09 00:00:00","2025-04-09 00:00:00"
"P00693",43,"P","PBPU","Jawa Barat","RS Tipe C",1,0,0,2,0,0,12,"2025-08-16 00:00:00","2025-08-16 00:00:00"
"P00571",59,"L","PPU","Sumatera Utara","RS Tipe A",0,1,4,0,0,0,12,"2025-09-19 00:00:00","2025-09-23 00:00:00"
"P00590",28,"P","PBPU","Jawa Barat","Puskesmas",0,0,0,0,0,0,12,"2025-12-14 00:00:00","2025-12-14 00:00:00"
"P00346",22,"P","PBI","Jawa Timur","Puskesmas",0,0,0,1,0,0,9,"2025-01-17 00:00:00","2025-01-17 00:00:00"
